id,city,region,road_name
1,上海,普陀,远景路
2,上海,普陀,中潭路
3,上海,静安,平型关路
4,上海,松江,涞亭北路
5,上海,松江,涞寅路
6,上海,嘉定,临泽路
7,上海,嘉定,云屏路
8,上海,嘉定,崇信路
9,上海,嘉定,白银路
10,上海,浦东,潍坊西路
11,上海,徐汇,凯滨路
12,上海,徐汇,东安路
13,上海,普陀,靖边路
14,上海,浦东,东方路
15,上海,青浦,秀泽路
16,上海,浦东,西泰林路
17,上海,浦东,御衡路
18,上海,闵行,莘松路
19,上海,浦东,绿林路
20,上海,浦东,崂山路
21,上海,浦东,浦电路
22,上海,静安,威海路
23,上海,静安,大沽路
24,上海,闵行,畹町路
25,上海,浦东,秀沿路
26,上海,宝山,大华路
27,上海,宝山,华灵路
28,上海,宝山,新沪路
29,上海,嘉定,金园一路
30,上海,浦东,崂山东路
31,上海,浦东,潍坊路
32,上海,松江,沪亭北路
33,上海,闵行,七莘路
34,上海,浦东,源深路
35,上海,虹口,同鸣路
36,上海,宝山,美艾路
37,上海,浦东,康桥路
38,上海,闵行,绿莲路
39,上海,闵行,老沪闵路
40,上海,杨浦,抚顺路
41,上海,松江,新家园路
42,上海,浦东,张杨路
43,上海,浦东,福山路
44,上海,普陀,武威东路
45,上海,普陀,真金路
46,上海,浦东,杜鹃路
47,上海,闵行,春申路
48,上海,松江,古楼公路
49,上海,长宁,汇川路
50,上海,嘉定,云谷路
51,上海,浦东,秀沿西路
52,上海,浦东,龙阳路
53,上海,青浦,崧文路
54,上海,黄浦,西藏南路
55,上海,黄浦,建国东路
56,上海,嘉定,金耀南路
57,上海,嘉定,秋竹路
58,上海,闵行,闵驰一路
59,上海,浦东,青桐路
60,上海,静安,江杨南路
61,上海,松江,泗凯路
62,上海,宝山,何家湾路
63,上海,宝山,国权北路
64,上海,宝山,高逸路
65,上海,浦东,沪南路
66,上海,闵行,莲花南路
67,上海,闵行,张虹路
68,上海,闵行,浦涛路
69,上海,黄浦,保屯路
70,上海,奉贤,西闸公路
71,上海,奉贤,扶港路
72,上海,闵行,江协路
73,上海,闵行,江文路
74,上海,宝山,聚丰园路
75,上海,浦东,齐恒路
76,上海,松江,广富林路
77,上海,虹口,物华路
78,上海,徐汇,虹漕路
79,上海,黄浦,西凌家宅路
80,上海,黄浦,制造局路
81,上海,长宁,武夷路
82,上海,浦东,利津路
83,上海,徐汇,华发路
84,上海,杨浦,营口路
85,上海,嘉定,金耀路
86,上海,闵行,银春路
87,上海,嘉定,鹤霞路
88,上海,黄浦,河南南路
89,上海,闵行,沪闵路
90,上海,普陀,雪松路
91,上海,闵行,先新路
92,上海,普陀,桃浦路
93,上海,静安,万航渡路
94,上海,长宁,威宁路
95,上海,浦东,碧云路
96,上海,嘉定,丰庄西路
97,上海,嘉定,丰庄北路
98,上海,松江,泗凤公路
99,上海,松江,泗通路
100,上海,松江,泗宝路
101,上海,浦东,金口路
102,上海,浦东,枣庄路
103,上海,嘉定,申江路
104,上海,嘉定,曲江路
105,上海,嘉定,丰江路
106,上海,嘉定,华江公路
107,上海,松江,梅家浜路
108,上海,浦东,康佳路
109,上海,黄浦,海潮路
110,上海,黄浦,陆家浜路
111,上海,浦东,台儿庄路
112,上海,浦东,荷泽路
113,上海,浦东,长岛路
114,上海,宝山,共富路
115,上海,静安,共和新路
116,上海,静安,广延路
117,上海,嘉定,德华路
118,上海,闵行,宜山路
119,上海,静安,陕西北路
120,上海,虹口,临平路
121,上海,松江,九杜路
122,上海,徐汇,龙华西路
123,上海,杨浦,长岭路
124,上海,杨浦,延吉西路
125,上海,杨浦,黄兴路
126,上海,杨浦,江浦路
127,上海,奉贤,沪杭公路
128,上海,宝山,真大路
129,上海,宝山,真朋路
130,上海,静安,育婴堂路
131,上海,静安,京江路
132,上海,松江,王家厍路
133,上海,虹口,恒业路
134,上海,杨浦,双辽支路
135,上海,浦东,西营南路
136,上海,闵行,莘朱路
137,上海,宝山,联杨路
138,上海,黄浦,中山南一路
139,上海,浦东,御桥路
140,上海,浦东,浦明路
141,上海,浦东,浦城路
142,上海,青浦,崧漪一路
143,上海,青浦,秀涓路
144,上海,松江,沪亭路
145,上海,闵行,漕宝路
146,上海,闵行,虹许路
147,上海,闵行,沪松公路
148,上海,松江,横港路
149,上海,奉贤,育秀路
150,上海,浦东,紫薇路
151,上海,宝山,南陈路
152,上海,浦东,杨思路
153,上海,松江,城鸿路
154,上海,普陀,白丽路
155,上海,浦东,成山路
156,上海,浦东,博山东路
157,上海,浦东,御青路
158,上海,浦东,御山路
159,上海,浦东,济阳路
160,上海,浦东,西营路
161,上海,浦东,德州路
162,上海,普陀,真光路
163,上海,长宁,安顺路
164,上海,宝山,蕴川路
165,上海,浦东,丁香路
166,上海,浦东,高科西路
167,上海,浦东,博文路
168,上海,奉贤,海马路
169,上海,宝山,菊泉街
170,上海,浦东,新德西路
171,上海,宝山,宝菊路
172,上海,虹口,东体育会路
173,上海,奉贤,江南路
174,上海,青浦,盈港东路
175,上海,青浦,华盈路
176,上海,普陀,沪太路
177,上海,浦东,三林路
178,上海,普陀,交通西路
179,上海,松江,德悦路
180,上海,宝山,红林路
181,上海,浦东,洪山路
182,上海,浦东,锦绣路
183,上海,普陀,新村路
184,上海,浦东,锦和路
185,上海,闵行,江航路
186,上海,浦东,东书房路
187,上海,徐汇,龙吴路
188,上海,徐汇,龙漕路
189,上海,普陀,东新路
190,上海,浦东,孙环路
191,上海,浦东,孙耀路
192,上海,浦东,孙建路
193,上海,青浦,白虬江路
194,上海,浦东,南六公路
195,上海,闵行,永恩路
196,上海,宝山,潘泾路
197,上海,闵行,昆阳路
198,上海,闵行,天星路
199,上海,奉贤,金碧路
200,上海,嘉定,汇源路
201,上海,嘉定,瞿门路
202,上海,嘉定,恒飞路
203,上海,嘉定,汇旺东路
204,上海,青浦,沪青平公路
205,上海,奉贤,肖塘路
206,上海,青浦,新园路
207,上海,松江,外青松公路
208,上海,松江,桃源西路
209,上海,松江,桃源路
210,上海,奉贤,新柘东路
211,上海,奉贤,金汇塘东路
212,上海,奉贤,金汇塘路
213,上海,浦东,秋亭路
214,上海,浦东,竹柏路
215,上海,嘉定,恒荣路
216,上海,青浦,老沪青平公路
217,上海,浦东,草高支路
218,上海,浦东,航梅路
219,上海,青浦,绿湖路
220,上海,奉贤,联业路
221,上海,奉贤,明城路
222,上海,闵行,汇延路
223,上海,闵行,鲁康路
224,上海,青浦,珠安路
225,上海,青浦,浦祥路
226,上海,青浦,复兴路
227,上海,松江,九江公路
228,上海,闵行,古美路
229,上海,静安,景凤路
230,上海,浦东,南桥路
231,上海,杨浦,殷行路
232,上海,宝山,纬地路
233,上海,闵行,报春路
234,上海,虹口,大连西路
235,上海,静安,大统路
236,上海,静安,中华新路
237,上海,静安,延长中路
238,上海,静安,汾西路
239,上海,静安,临汾路
240,上海,浦东,迎春路
241,上海,虹口,丰镇路
242,上海,虹口,华严路
243,上海,松江,茸惠路
244,上海,嘉定,双河路
245,上海,杨浦,三门路
246,上海,杨浦,安波路
247,上海,长宁,昭化路
248,上海,长宁,长顺路
249,上海,静安,康定路
250,上海,浦东,上南路
251,上海,徐汇,三江路
252,上海,浦东,大同路
253,上海,闵行,疏影路
254,上海,静安,常德路
255,上海,静安,新闸路
256,上海,徐汇,复兴中路
257,上海,普陀,枣阳路
258,上海,宝山,行知路
259,上海,杨浦,国定路
260,上海,杨浦,包头南路
261,上海,静安,场中路
262,上海,闵行,莘浜路
263,上海,浦东,栖山路
264,上海,浦东,民生路
265,上海,闵行,浦申路
266,上海,徐汇,梅陇路
267,上海,宝山,电台路
268,上海,宝山,教育路
269,上海,闵行,万源路
270,上海,浦东,海霞路
271,上海,闵行,凤庆路
272,上海,奉贤,正环路
273,上海,静安,长宁路
274,上海,普陀,同普路
275,上海,浦东,杨镇路
276,上海,浦东,龙三路
277,上海,徐汇,桂平路
278,上海,奉贤,西闸路
279,上海,浦东,康锦路
280,上海,浦东,靖海南路
281,上海,黄浦,大吉路
282,上海,闵行,富都路
283,上海,普陀,金沙江路
284,上海,黄浦,瞿溪路
285,上海,宝山,塘祁路
286,上海,黄浦,马当路
287,上海,嘉定,陈翔公路
288,上海,宝山,泰和路
289,上海,杨浦,吉浦路
290,上海,杨浦,黑山路
291,上海,杨浦,政立路
292,上海,浦东,严桥路
293,上海,闵行,兰竹路
294,上海,静安,洛川中路
295,上海,长宁,荣华西道
296,上海,普陀,延长西路
297,上海,闵行,路
298,上海,宝山,罗迎路
299,上海,长宁,新华路
300,上海,宝山,美丰路
301,上海,杨浦,长阳路
302,上海,松江,光星路
303,上海,静安,南星路
304,上海,静安,新疆路
305,上海,静安,天目中路
306,上海,浦东,巨峰路
307,上海,黄浦,蓬莱路
308,上海,浦东,金桥路
309,上海,静安,延长路
310,上海,浦东,民春路
311,上海,普陀,中山北路
312,上海,浦东,新川路
313,上海,虹口,密云路
314,上海,普陀,梅川路
315,上海,徐汇,秀山路
316,上海,徐汇,虹桥路
317,上海,浦东,齐爱路
318,上海,浦东,花山路
319,上海,闵行,新龙路
320,上海,闵行,上中西路
321,上海,长宁,中山西路
322,上海,青浦,郡峰路
323,上海,浦东,御水路
324,上海,普陀,武威路
325,上海,普陀,绿杨路
326,上海,长宁,仙霞路
327,上海,长宁,茅台路
328,上海,长宁,安龙路
329,上海,长宁,水城路
330,上海,杨浦,国晓路
331,上海,嘉定,海波路
332,上海,普陀,泸定路
333,上海,浦东,拱海路
334,上海,闵行,浦连路
335,上海,宝山,罗芬路
336,上海,黄浦,打浦路
337,上海,浦东,松林路
338,上海,闵行,普乐路
339,上海,闵行,剑川路
340,上海,浦东,下南路
341,上海,徐汇,平江路
342,上海,静安,岭南路
343,上海,浦东,牌楼东路
344,上海,宝山,长临路
345,上海,普陀,子洲路
346,上海,杨浦,控江路
347,上海,徐汇,永嘉路
348,上海,徐汇,太原路
349,上海,闵行,浦秀路
350,上海,徐汇,瑞平路
351,上海,浦东,金湘路
352,上海,浦东,新金桥路
353,上海,浦东,新德路
354,上海,嘉定,李园一村
355,上海,静安,大宁路
356,上海,宝山,美丹路
357,上海,闵行,欣佳宝邸
358,上海,闵行,黎安路
359,上海,浦东,上浦路
360,上海,闵行,繁兴路
361,上海,浦东,德平路
362,上海,浦东,凌兆路
363,上海,奉贤,海泉路
364,上海,闵行,新闵路
365,上海,闵行,江川东路
366,上海,普陀,芝川路
367,上海,浦东,昌里东路
368,上海,浦东,南码头路
369,上海,长宁,东诸安浜路
370,上海,黄浦,大境路
371,上海,黄浦,方浜中路
372,上海,宝山,富长路
373,上海,杨浦,周家嘴路
374,上海,浦东,东宁路
375,上海,徐汇,桂林路
376,上海,徐汇,钦州北路
377,上海,松江,泽悦路
378,上海,闵行,吴中路
379,上海,宝山,顾北路
380,上海,闵行,航北路
381,上海,闵行,航东路
382,上海,闵行,北翟路
383,上海,浦东,杨高北路
384,上海,宝山,陆翔路
385,上海,宝山,丹霞山路
386,上海,浦东,华夏东路
387,上海,宝山,宝林支路
388,上海,闵行,虹中路
389,上海,奉贤,泽丰路
390,上海,浦东,妙境路
391,上海,青浦,孟将堂路
392,上海,浦东,高青路
393,上海,浦东,唐镇路
394,上海,虹口,海伦路
395,上海,浦东,浦东大道
396,上海,宝山,长江西路
397,上海,杨浦,国伟路
398,上海,嘉定,红石路
399,上海,闵行,龙州南路
400,上海,杨浦,民京路
401,上海,普陀,宁夏路
402,上海,虹口,凉城路
403,上海,虹口,广灵四路
404,上海,松江,松乐路
405,上海,松江,乐都路
406,上海,普陀,骊山路
407,上海,宝山,天家路
408,上海,嘉定,泽普路
409,上海,静安,南阳路
410,上海,浦东,乳山路
411,上海,嘉定,高台路
412,上海,浦东,浦三路
413,上海,浦东,羽山路
414,上海,嘉定,秦安路
415,上海,宝山,三泉路
416,上海,普陀,花家浜路
417,上海,徐汇,康健路
418,上海,黄浦,高雄路
419,上海,黄浦,南车站路
420,上海,闵行,中青路
421,上海,闵行,伊犁南路
422,上海,浦东,牡丹路
423,上海,长宁,虹古路
424,上海,宝山,菊太路
425,上海,浦东,唐安路
426,上海,浦东,新环北路
427,上海,浦东,航定路
428,上海,闵行,莘西南路
429,上海,浦东,罗山路
430,上海,闵行,莘沥路
431,上海,闵行,虹井路
432,上海,长宁,荣华东道
433,上海,虹口,飞虹路
434,上海,宝山,南大路
435,上海,黄浦,中华路
436,上海,浦东,平度路
437,上海,奉贤,三城路
438,上海,奉贤,三民路
439,上海,松江,乐都西路
440,上海,闵行,碧江路
441,上海,闵行,宾川路
442,上海,浦东,紫叶路
443,上海,青浦,华浦南路
444,上海,青浦,华青南路
445,上海,闵行,虹梅路
446,上海,松江,新松江路
447,上海,虹口,瑞虹路
448,上海,闵行,金汇南路
449,上海,徐汇,罗秀路
450,上海,徐汇,虹梅南路
451,上海,长宁,北渔路
452,上海,长宁,古北路
453,上海,浦东,灵岩路
454,上海,宝山,韶山路
455,上海,浦东,杨南路
456,上海,浦东,胶东路
457,上海,嘉定,墨玉路
458,上海,徐汇,蒲汇塘路
459,上海,普陀,安远路
460,上海,长宁,黄金城道
461,上海,宝山,锦秋路
462,上海,浦东,兰嵩路
463,上海,徐汇,钦州路
464,上海,虹口,四平路
465,上海,杨浦,济宁路
466,上海,浦东,杨新路
467,上海,闵行,黄桦路
468,上海,杨浦,齐齐哈尔路
469,上海,闵行,华光路
470,上海,虹口,横浜路
471,上海,浦东,龙东路
472,上海,浦东,塘桥新路
473,上海,杨浦,纪念路
474,上海,长宁,玉屏南路
475,上海,闵行,沪松路
476,上海,徐汇,龙恒路
477,上海,徐汇,零陵路
478,上海,静安,太阳山路
479,上海,静安,长兴路
480,上海,宝山,郁江巷路
481,上海,宝山,长江南路
482,上海,虹口,赤峰路
483,上海,虹口,曲阳路
484,上海,虹口,玉田支路
485,上海,闵行,金平路
486,上海,静安,少年村路
487,上海,静安,康宁路
488,上海,徐汇,漕溪路
489,上海,闵行,瑞丽路
490,上海,松江,荣乐西路
491,上海,杨浦,杭州路
492,上海,杨浦,眉州路
493,上海,浦东,韵浦路
494,上海,嘉定,宝安公路
495,上海,闵行,申长北路
496,上海,宝山,顾太路
497,上海,闵行,江川路
498,上海,闵行,兰坪路
499,上海,闵行,新源路
500,上海,浦东,海阳路
501,上海,徐汇,桂林西街
502,上海,浦东,彩云路
503,上海,黄浦,茂名南路
504,上海,青浦,阁游路
505,上海,青浦,珠湖路
506,上海,青浦,沙淀中路
507,上海,青浦,马家桥路
508,上海,浦东,莲溪路
509,上海,嘉定,福海路
510,上海,杨浦,许昌路
511,上海,浦东,石潭街
512,上海,闵行,申滨路
513,上海,浦东,玉盘北路
514,上海,黄浦,局门后路
515,上海,黄浦,徐家汇路
516,上海,浦东,芳华路
517,上海,嘉定,金通路
518,上海,浦东,环林东路
519,上海,浦东,北中路
520,上海,浦东,莲园路
521,上海,黄浦,新昌路
522,上海,浦东,城南路
523,上海,浦东,广衍路
524,上海,浦东,柳埠路
525,上海,闵行,莘建东路
526,上海,静安,老沪太路
527,上海,长宁,延安西路
528,上海,普陀,华阴路
529,上海,虹口,同丰路
530,上海,松江,新飞路
531,上海,长宁,淮海西路
532,上海,松江,南期昌路
533,上海,浦东,花木路
534,上海,浦东,苗圃路
535,上海,闵行,鑫都路
536,上海,松江,新南路
537,上海,奉贤,环城东路
538,上海,徐汇,虹漕南路
539,上海,青浦,秀禾路
540,上海,浦东,花园石桥路
541,上海,浦东,晨阳西路
542,上海,闵行,莲花路
543,上海,浦东,凌河路
544,上海,长宁,宣化路
545,上海,嘉定,宝翔路
546,上海,浦东,永泰路
547,上海,宝山,上大路
548,上海,杨浦,仁德路
549,上海,虹口,东余杭路
550,上海,浦东,永业路
551,上海,浦东,南泉路
552,上海,浦东,蓝村路
553,上海,浦东,江晖路
554,上海,嘉定,洪德路
555,上海,徐汇,凯旋路
556,上海,浦东,川周路
557,上海,浦东,硕川路
558,上海,奉贤,南奉公路
559,上海,青浦,新凤中路
560,上海,青浦,华凤公司路
561,上海,虹口,宝山路
562,上海,宝山,淞宝路
563,上海,徐汇,百花街
564,上海,长宁,福泉路
565,上海,浦东,灵岩南路
566,上海,奉贤,运河北路
567,上海,黄浦,建国中路
568,上海,杨浦,国和路
569,上海,奉贤,金齐路
570,上海,黄浦,瑞金二路
571,上海,奉贤,百富路
572,上海,奉贤,南港路
573,上海,奉贤,望园南路
574,上海,长宁,哈密路
575,上海,浦东,松涛路
576,上海,闵行,虹莘路
577,上海,闵行,保乐路
578,上海,静安,洛川东路
579,上海,静安,西藏北路
580,上海,普陀,红棉路
581,上海,闵行,沪星路
582,上海,普陀,铜川路
583,上海,浦东,康弘路
584,上海,浦东,兰谷路
585,上海,浦东,商城路
586,上海,徐汇,天钥桥路
587,上海,浦东,周秀路
588,上海,杨浦,国顺路
589,上海,浦东,博兴路
590,上海,闵行,环镇西路
591,上海,静安,西苏州路
592,上海,普陀,北石路
593,上海,普陀,金汤路
594,上海,静安,恒丰路
595,上海,静安,长安路
596,上海,静安,汉中路
597,上海,浦东,东陆路
598,上海,宝山,新二路
599,上海,闵行,申北路
600,上海,徐汇,宛平南路
601,上海,杨浦,松花江路
602,上海,浦东,创新西路
603,上海,黄浦,中山南路
604,上海,浦东,川环南路
605,上海,浦东,拱极路
606,上海,徐汇,斜土路
607,上海,徐汇,中山南二路
608,上海,浦东,关岳路
609,上海,浦东,川周公路
610,上海,浦东,沪南公路
611,上海,浦东,梓康路
612,上海,松江,明华路
613,上海,松江,陈春公路
614,上海,奉贤,人民北路
615,上海,松江,文诚路
616,上海,松江,秋菊路
617,上海,徐汇,永康路
618,上海,浦东,高斯路
619,上海,宝山,淞肇路
620,上海,浦东,博华路
621,上海,浦东,昌邑路
622,上海,黄浦,肇嘉浜路
623,上海,杨浦,开鲁路
624,上海,浦东,金工路
625,上海,闵行,平吉路
626,上海,虹口,东长治路
627,上海,杨浦,翔殷路
628,上海,宝山,铁峰路
629,上海,长宁,天山路
630,上海,浦东,浙桥路
631,上海,浦东,峨山路
632,上海,浦东,北艾路
633,上海,长宁,天山西路
634,上海,长宁,金钟路
635,上海,静安,和田路
636,上海,普陀,古浪路
637,上海,宝山,泰和西路
638,上海,浦东,原：振兴东路
639,上海,浦东,航昌路
640,上海,闵行,北江燕路
641,上海,浦东,灵山路
642,上海,松江,荣乐中路
643,上海,松江,松辰路
644,上海,浦东,华夏二路
645,上海,静安,阳曲路
646,上海,嘉定,塔城路
647,上海,青浦,巷居路
648,上海,杨浦,学府街
649,上海,青浦,清河湾路
650,上海,浦东,京浦路
651,上海,静安,海防路
652,上海,浦东,创新中路
653,上海,嘉定,中佳路
654,上海,浦东,杨高南路
655,上海,普陀,甘泉路
656,上海,静安,普善路
657,上海,松江,松汇东路
658,上海,闵行,江玮路
659,上海,浦东,宣黄公路
660,上海,浦东,听潮南路
661,上海,宝山,祁连山路
662,上海,浦东,东泰路
663,上海,闵行,景谷路
664,上海,宝山,恒高路
665,上海,闵行,运乐路
666,上海,闵行,金辉路
667,上海,嘉定,新郁路
668,上海,徐汇,茶陵路
669,上海,徐汇,番禺路
670,上海,闵行,颛兴路
671,上海,嘉定,鹤旋路
672,上海,普陀,镇坪路
673,上海,杨浦,江湾城路
674,上海,普陀,澳门路
675,上海,浦东,泥城路
676,上海,静安,原平路
677,上海,浦东,夏碧路
678,上海,浦东,季景路
679,上海,松江,外婆泾路
680,上海,奉贤,解放西路
681,上海,黄浦,五里桥路
682,上海,青浦,青湖路
683,上海,嘉定,槎溪路
684,上海,嘉定,古猗园路
685,上海,嘉定,银翔路
686,上海,宝山,祁华路
687,上海,宝山,华秋路
688,上海,青浦,张家圩路
689,上海,黄浦,丽园路
690,上海,杨浦,政悦路
691,上海,浦东,浦东南路
692,上海,闵行,江汉路
693,上海,杨浦,政府路
694,上海,宝山,淞南路
695,上海,静安,曲阜路
696,上海,静安,芷江西路
697,上海,静安,天目西路
698,上海,青浦,凤马塘路
699,上海,宝山,祁真路
700,上海,虹口,水电路
701,上海,虹口,汶水东路
702,上海,青浦,联民路
703,上海,徐汇,嘉善路
704,上海,浦东,创新路
705,上海,浦东,居家桥路
706,上海,长宁,定西路
707,上海,浦东,崮山路
708,上海,青浦,新府中路
709,上海,浦东,白桦路
710,上海,徐汇,钦江路
711,上海,闵行,富强街
712,上海,浦东,船山街
713,上海,闵行,申贵路
714,上海,长宁,水城南路
715,上海,闵行,宝铭路
716,上海,静安,宝昌路
717,上海,宝山,联谊路
718,上海,闵行,江柳路
719,上海,松江,云恩路
720,上海,浦东,康巴路
721,上海,普陀,光复西路
722,上海,徐汇,南丹路
723,上海,浦东,茂兴路
724,上海,青浦,崧润路
725,上海,浦东,香楠路
726,上海,闵行,沪光路
727,上海,浦东,南林路
728,上海,普陀,棕榈路
729,上海,浦东,繁锦路
730,上海,长宁,西陶浜路
731,上海,黄浦,悦来街
732,上海,浦东,蓝天路
733,上海,宝山,水产西路
734,上海,松江,谷阳北路
735,上海,普陀,清涧路
736,上海,徐汇,建国西路
737,上海,虹口,旅顺路
738,上海,虹口,西安路
739,上海,虹口,东汉阳路
740,上海,静安,中兴路
741,上海,黄浦,北京东路
742,上海,杨浦,彰武路
743,上海,闵行,东川路
744,上海,徐汇,漕东支路
745,上海,普陀,长寿路
746,上海,徐汇,吴中东路
747,上海,浦东,严镇路
748,上海,浦东,严民路
749,上海,普陀,真北路
750,上海,浦东,秋岚路
751,上海,松江,龙马路
752,上海,松江,千新公路
753,上海,静安,武定路
754,上海,杨浦,武东路
755,上海,长宁,镇宁路
756,上海,静安,延平路
757,上海,闵行,西环路
758,上海,杨浦,国泓路
759,上海,浦东,林展路
760,上海,嘉定,裕民南路
761,上海,浦东,板泉路
762,上海,浦东,横桥路
763,上海,浦东,云山路
764,上海,浦东,陈春东路
765,上海,浦东,严中路
766,上海,浦东,严杨路
767,上海,浦东,万安街
768,上海,浦东,滨江大道
769,上海,浦东,五莲路
770,上海,长宁,天山支路
771,上海,长宁,伊犁路
772,上海,松江,茸平路
773,上海,宝山,淞滨支路
774,上海,嘉定,海蓝路
775,上海,黄浦,重庆南路
776,上海,浦东,拱北路
777,上海,松江,涞亭南路
778,上海,杨浦,淞沪路
779,上海,浦东,招远路
780,上海,浦东,临沂北路
781,上海,奉贤,湖堤路
782,上海,闵行,金汇路
783,上海,浦东,金晓路
784,上海,浦东,海鹏路
785,上海,杨浦,兰州路
786,上海,静安,保德路
787,上海,静安,平顺路
788,上海,浦东,春晖路
789,上海,徐汇,乐山支路
790,上海,徐汇,乐山路
791,上海,闵行,贵都路
792,上海,闵行,银都路
793,上海,闵行,闵驰二路
794,上海,杨浦,靖宇南路
795,上海,闵行,古美西路
796,上海,闵行,浦晓南路
797,上海,闵行,洱海路
798,上海,闵行,中谊路
799,上海,浦东,妙川路
800,上海,浦东,华戴路
801,上海,普陀,凯旋北路
802,上海,浦东,华夏三路
803,上海,浦东,瑞和路
804,上海,松江,三新北路
805,上海,普陀,真华路
806,上海,浦东,渡桥路
807,上海,松江,玉树北路
808,上海,杨浦,延吉东路
809,上海,徐汇,桂林东街
810,上海,松江,茸城路
811,上海,浦东,芳甸路
812,上海,浦东,杨高中路
813,上海,普陀,中江路
814,上海,普陀,大渡河路
815,上海,静安,曲沃路
816,上海,浦东,龙东大道
817,上海,松江,车峰路
818,上海,松江,月台路
819,上海,浦东,施湾三路
820,上海,杨浦,延吉中路
821,上海,杨浦,永吉路
822,上海,徐汇,大木桥路
823,上海,普陀,怒江北路
824,上海,宝山,苏家浜路
825,上海,普陀,兰溪路
826,上海,宝山,蕰川路
827,上海,长宁,淞虹路
828,上海,长宁,泉口路
829,上海,嘉定,曹安公路
830,上海,徐汇,江安路
831,上海,徐汇,淮海中路
832,上海,浦东,康沈路
833,上海,浦东,胜利路
834,上海,闵行,天河路
835,上海,杨浦,平凉路
836,上海,嘉定,吴杨东路
837,上海,徐汇,云锦路
838,上海,浦东,海纳路
839,上海,松江,泗陈公路
840,上海,徐汇,漕溪北路
841,上海,闵行,江栀路
842,上海,徐汇,安福路
843,上海,青浦,秀淳路
844,上海,嘉定,马陆镇樱花路
845,上海,青浦,青安路
846,上海,闵行,闸航路
847,上海,静安,灵石路
848,上海,静安,平利路
849,上海,静安,余姚路
850,上海,杨浦,靖宇东路
851,上海,虹口,天宝西路
852,上海,奉贤,大叶公路
853,上海,浦东,拱晨路
854,上海,浦东,听悦路
855,上海,徐汇,龙吟路
856,上海,徐汇,汇站街
857,上海,宝山,通南路
858,上海,浦东,东波路
859,上海,宝山,场北路
860,上海,静安,柳营路
861,上海,虹口,广粤路
862,上海,嘉定,彤闻路
863,上海,闵行,灯辉路
864,上海,浦东,芳草路
865,上海,浦东,芳芯路
866,上海,闵行,芦恒路
867,上海,闵行,盐铁塘路
868,上海,浦东,龙汇路
869,上海,虹口,梧州路
870,上海,闵行,浦鸥路
871,上海,浦东,莱阳路
872,上海,浦东,古桐路
873,上海,浦东,春源路
874,上海,徐汇,枫林路
875,上海,徐汇,苍梧路
876,上海,嘉定,中泉路
877,上海,普陀,宜昌路
878,上海,浦东,银山路
879,上海,黄浦,汝南街
880,上海,浦东,施湾二路
881,上海,闵行,颛乐路
882,上海,浦东,耀华路
883,上海,嘉定,裕民路
884,上海,闵行,姚虹路
885,上海,浦东,北园路
886,上海,青浦,崧雅路
887,上海,青浦,秀源路
888,上海,虹口,沙泾路
889,上海,杨浦,鞍山路
890,上海,闵行,名都路
891,上海,宝山,杨鑫路
892,上海,嘉定,火车站路
893,上海,浦东,巨野路
894,上海,黄浦,鲁班路
895,上海,嘉定,金鼎路
896,上海,宝山,虎林路
897,上海,浦东,长清路
898,上海,浦东,鹤沙路
899,上海,长宁,北虹路
900,上海,普陀,丹巴路
901,上海,浦东,莲安西路
902,上海,杨浦,隆昌路
903,上海,闵行,新镇路
904,上海,黄浦,建国新路
905,上海,浦东,东明路
906,上海,浦东,江东路
907,上海,普陀,西康路
908,上海,松江,文翔路
909,上海,宝山,罗南镇南东路
910,上海,普陀,武宁路
911,上海,杨浦,光路
912,上海,普陀,光新路
913,上海,浦东,航城三路
914,上海,宝山,永乐路
915,上海,闵行,丰顺路
916,上海,普陀,志丹路
917,上海,徐汇,华泾路
918,上海,闵行,庙泾路
919,上海,宝山,富联路
920,上海,浦东,金高路
921,上海,浦东,行泰路
922,上海,宝山,环镇北路
923,上海,闵行,沧源路
924,上海,松江,明中路
925,上海,徐汇,南昌路
926,上海,青浦,谢卫路
927,上海,浦东,鹤永路
928,上海,普陀,曹杨路
929,上海,宝山,友谊路
930,上海,杨浦,国顺东路
931,上海,松江,新中街
932,上海,徐汇,华展路
933,上海,嘉定,浩翔路
934,上海,闵行,腾冲路
935,上海,静安,愚园路
936,上海,浦东,高宝路
937,上海,虹口,武昌路
938,上海,浦东,南泉北路
939,上海,浦东,张扬北路
940,上海,浦东,施镇路
941,上海,浦东,祝潘公路
942,上海,宝山,永清路
943,上海,静安,阳城路
944,上海,嘉定,依玛路
945,上海,嘉定,合作路
946,上海,长宁,剑河路
947,上海,闵行,平阳路
948,上海,闵行,龙茗路
949,上海,嘉定,德园路
950,上海,杨浦,包头路
951,上海,杨浦,嫩江路
952,上海,闵行,曙建路
953,上海,嘉定,平城路
954,上海,长宁,利西路
955,上海,浦东,冬融路
956,上海,浦东,秋霞路
957,上海,杨浦,政德东路
958,上海,杨浦,殷高东路
959,上海,浦东,城丰路
960,上海,静安,北宝兴路
961,上海,嘉定,嘉松北路
962,上海,长宁,新渔路
963,上海,徐汇,小木桥路
964,上海,虹口,中山北一路
965,上海,徐汇,瑞金南路
966,上海,杨浦,闸殷路
967,上海,嘉定,芳林路
968,上海,徐汇,武康路
969,上海,浦东,北张家浜路
970,上海,嘉定,芳礼路
971,上海,普陀,香泉路
972,上海,长宁,宋园路
973,上海,青浦,高泾路
974,上海,徐汇,天钥桥南路
975,上海,静安,宝源路
976,上海,浦东,拱为路
977,上海,杨浦,政修路
978,上海,浦东,周泰路
979,上海,奉贤,新建西路
980,上海,嘉定,清河路
981,上海,青浦,友爱东路
982,上海,青浦,久远路
983,上海,松江,翔峰路
984,上海,普陀,梅岭北路
985,上海,松江,九亭大街
986,上海,松江,虬泾路
987,上海,虹口,株洲路
988,上海,静安,昌平路
989,上海,青浦,诸光路
990,上海,浦东,兰城路
991,上海,嘉定,临夏路
992,上海,奉贤,胡桥路
993,上海,松江,南青路
994,上海,青浦,体育场路
995,上海,浦东,浦建路
996,上海,虹口,西江湾路
997,上海,宝山,潘新路
998,上海,奉贤,汇丰北路
999,上海,浦东,蓝靛路
1000,上海,闵行,紫藤路
1001,上海,浦东,人民东路
1002,上海,浦东,临沂路
1003,上海,长宁,幸福路
1004,上海,黄浦,斜土东路
1005,上海,浦东,东泰林路
1006,上海,黄浦,陕西南路
1007,上海,青浦,华科路
1008,上海,杨浦,爱国路
1009,上海,奉贤,人民塘路
1010,上海,宝山,梅林路
1011,上海,嘉定,兆丰路
1012,上海,崇明,陈家镇揽海路
1013,上海,崇明,玉环路
1014,上海,崇明,南门路
1015,上海,崇明,新中路
1016,上海,崇明,新开河路
1017,上海,崇明,堡镇中路
1018,上海,崇明,星月路
1019,上海,崇明,中津桥路
1020,上海,崇明,通富路
1021,上海,崇明,新崇西路
1022,上海,崇明,为民路
1023,上海,崇明,新环路
1024,上海,崇明,东引路
1025,上海,崇明,城桥镇八一路
1026,上海,崇明,青柏路
1027,上海,崇明,绿海路
1028,上海,崇明,丰福路
1029,上海,崇明,长江农场服务楼
1030,上海,崇明,堡镇南路
1031,上海,崇明,向卫路
1032,上海,崇明,向民路
1033,上海,崇明,安通东路
1034,上海,崇明,八一路
1035,上海,崇明,宏海公路
1036,上海,崇明,长橘路
1037,上海,崇明,新崇南路
1038,上海,崇明,揽海路
1039,上海,崇明,寒山寺路
1040,上海,崇明,翠竹路
1041,上海,崇明,石岛路
1042,上海,崇明,大通路
1043,上海,崇明,丰康路
1044,上海,崇明,朝阳中路
1045,上海,崇明,少年弄
1046,上海,崇明,裕洲路
1047,上海,崇明,北陈公路
1048,上海,崇明,湄洲路
1049,上海,崇明,金滂路
1050,上海,崇明,金淼路
1051,上海,崇明,新崇北路
1052,上海,崇明,西门路
1053,上海,崇明,西小港
1054,上海,崇明,学宫路
1055,上海,崇明,凤南路
1056,上海,崇明,城桥镇酱园弄
1057,上海,崇明,唐家湾路
1058,上海,崇明,海长路
1059,上海,崇明,碧瀛北路
1060,上海,崇明,东南路
1061,上海,崇明,人民路
1062,上海,崇明,竖新南路
1063,上海,崇明,乔松路
1064,上海,崇明,安通路
1065,上海,崇明,新崇中路
1066,上海,崇明,振兴路
1067,上海,崇明,新影路
1068,上海,崇明,渔乐路
1069,上海,崇明,北沿公路
1070,上海,崇明,城桥镇管弄
1071,上海,崇明,城桥镇吴家弄
1072,上海,金山,松隐大街
1073,上海,金山,蒙山路
1074,上海,金山,富川路
1075,上海,金山,中心路
1076,上海,金山,健康南路
1077,上海,金山,隆安路
1078,上海,金山,枫阳路
1079,上海,金山,龙胜路
1080,上海,金山,中一西路
1081,上海,金山,卫清路
1082,上海,金山,博海路
1083,上海,金山,大亭公路
1084,上海,金山,板桥西路
1085,上海,金山,健康路
1086,上海,金山,泾波路
1087,上海,金山,杭州湾大道
1088,上海,金山,沈浦泾路
1089,上海,金山,金龙新街
1090,上海,金山,龙皓路
1091,上海,金山,廊下大街
1092,上海,金山,枫湾路
1093,上海,金山,金南街
1094,上海,金山,泾商路
1095,上海,金山,浦卫公路
1096,上海,金山,恒顺路
1097,上海,金山,金石北路
1098,上海,金山,寺平北路
1099,上海,金山,老卫清路
1100,上海,金山,新华东路
1101,上海,金山,卫清西路
1102,上海,金山,康兴路
1103,上海,金山,红旗东路
1104,上海,金山,南圩路
1105,上海,金山,金山大道
1106,上海,金山,钱富路
1107,上海,金山,璜溪东街
1108,上海,金山,钱商大街
1109,上海,金山,东林街
1110,上海,金山,卫零路
1111,上海,金山,板桥东路
1112,上海,金山,众安街
1113,上海,金山,中路
1114,上海,金山,亭卫公路
1115,上海,金山,海汇街
1116,上海,金山,秀州街
1117,上海,金山,兴工路
1118,上海,金山,公园路
1119,上海,金山,海芙路
1120,上海,金山,漕廊公路
1121,上海,金山,白牛路
1122,上海,金山,强兴路
1123,上海,金山,朱吕公路
1124,上海,金山,隆安东路
1125,上海,金山,杭洲湾大道
1126,上海,金山,城中路
1127,上海,金山,溪南路
1128,上海,金山,同凯路
1129,上海,金山,海丰路
1130,上海,金山,罗星南路
1131,上海,金山,东风南路
1132,上海,金山,龙胜东路
1133,上海,金山,康德路
1134,上海,金山,东贤路
1135,上海,金山,华亭路
1136,上海,金山,干溪街
1137,上海,金山,杭州大道
1138,上海,金山,东亚路
1139,上海,金山,海盛路
1140,上海,金山,华强路
1141,上海,金山,花贤路
1142,上海,金山,龙航路
1143,上海,金山,学府路
1144,上海,金山,春虹路
1145,上海,金山,龙轩路
1146,上海,金山,龙山路
1147,上海,金山,金山金展路
1148,上海,金山,新金山路
1149,上海,金山,新农镇中心路
1150,上海,金山,板桥路
1151,上海,金山,象州路
1152,上海,金山,金一东路
1153,上海,金山,临源街
1154,上海,金山,张堰大街
1155,上海,金山,开乐大街
1156,上海,金山,朱林路
1157,上海,金山,吕巷镇璜溪东街
1158,上海,金山,枫兰路
1159,上海,金山,中一东路
1160,上海,金山,卫清东路
1161,上海,金山,荣昌路
1162,上海,金山,南大街
1163,上海,金山,珠港街
1164,上海,金山,兴塔新金山路
1165,上海,金山,城河路
1166,上海,金山,山新路
1167,上海,金山,恒康路
1168,上海,金山,春水路
1169,上海,金山,塘园路
1170,上海,金山,泾宾路
1171,上海,金山,北泰路
1172,上海,金山,亭升路
1173,上海,金山,润兴路
1174,上海,金山,亭学路
1175,上海,金山,新农贸易南路
1176,上海,金山,朱枫公路
1177,上海,金山,枫泾镇润兴路
1178,上海,金山,临仓街
1179,上海,金山,罗星路
1180,上海,金山,新汇街
1181,上海,金山,龙翔路
1182,上海,金山,龙临街
1183,上海,金山,秦弯路
1184,上海,金山,蒙山北路
1185,上海,金山,山阳镇龙宇路
1186,上海,金山,卫零北路
1187,上海,金山,南阳湾路
1188,上海,金山,金康西路
1189,上海,金山,西静路
1190,上海,金山,东平北路
1191,上海,金山,卫阳南路
1192,上海,奉贤,沪杭路
1193,上海,奉贤,北行路
1194,上海,奉贤,宏伟路
1195,上海,奉贤,环城南路
1196,上海,奉贤,海湾路
1197,上海,奉贤,邮电路
1198,上海,奉贤,钜庭路
1199,上海,奉贤,万顺路
1200,上海,奉贤,奉柘公路
1201,上海,奉贤,兰博路
1202,上海,奉贤,清宁路
1203,上海,奉贤,吴塘路
1204,上海,奉贤,古华路
1205,上海,奉贤,贤瑞路
1206,上海,奉贤,贤浦路
1207,上海,奉贤,金海公路
1208,上海,奉贤,振泰路
1209,上海,奉贤,广丰路
1210,上海,奉贤,西闸西路
1211,上海,奉贤,高州路
1212,上海,奉贤,运河路
1213,上海,奉贤,八字桥路
1214,上海,奉贤,航南公路
1215,上海,奉贤,苍工路
1216,上海,奉贤,南明路
1217,上海,奉贤,光昊路
1218,上海,奉贤,金闸公路
1219,上海,奉贤,解放东路
1220,上海,奉贤,展园路
1221,上海,奉贤,贤政路
1222,上海,奉贤,德政路
1223,上海,奉贤,新奉公路
1224,上海,奉贤,秀韵路
1225,上海,奉贤,韩村路
1226,上海,奉贤,江海路
1227,上海,奉贤,闸园新路
1228,上海,奉贤,扶兰路
1229,上海,奉贤,富竹路
1230,上海,奉贤,九华路
1231,上海,奉贤,德丰路
1232,上海,奉贤,华园路
1233,上海,奉贤,新四平公路
1234,上海,奉贤,海兴路
1235,上海,奉贤,百通路
1236,上海,奉贤,环城西路
1237,上海,奉贤,庄胡支路
1238,上海,奉贤,洪庙路
1239,上海,奉贤,钦林北路
1240,上海,奉贤,人民中路
1241,上海,奉贤,南中路
1242,上海,奉贤,陈桥路
1243,上海,奉贤,奉炮公路
1244,上海,奉贤,安居路
1245,上海,奉贤,杨王路
1246,上海,奉贤,嘉园路
1247,上海,奉贤,曙宏路
1248,上海,奉贤,川南奉公路
1249,上海,奉贤,立新路
1250,上海,奉贤,定康路
1251,上海,奉贤,平福路
1252,上海,奉贤,油车弄
1253,上海,奉贤,头桥东路
1254,上海,奉贤,五星中心路
1255,上海,奉贤,港阳路
1256,上海,奉贤,闸园路
1257,上海,奉贤,金钱公路
1258,上海,奉贤,新建中路
1259,上海,奉贤,光明路
1260,上海,奉贤,汇中路
1261,上海,奉贤,中街
1262,上海,奉贤,人民南路
1263,上海,奉贤,云樱路
1264,上海,奉贤,浦东路
1265,上海,奉贤,立新南路
1266,上海,奉贤,浦兰路
1267,上海,奉贤,德泉路
1268,上海,奉贤,驰华路
1269,上海,奉贤,吕桥路
1270,上海,奉贤,寺中路
1271,上海,奉贤,港佳路
1272,上海,奉贤,西园弄
1273,上海,奉贤,褚聚北路
1274,上海,奉贤,优化路
1275,上海,奉贤,水闸路
1276,上海,奉贤,团汇公路
1277,上海,奉贤,洪南路
1278,上海,奉贤,庆园路
1279,上海,奉贤,秀南路
1280,上海,奉贤,五四公路
1281,上海,奉贤,通阳路
1282,上海,奉贤,菜场路
1283,上海,奉贤,步韵路
1284,上海,奉贤,解放西路后门
1285,上海,奉贤,洪中路
1286,上海,奉贤,庄良路
1287,上海,奉贤,奉浦大道
1288,上海,奉贤,建贤路
1289,上海,奉贤,泰西路
1290,上海,奉贤,奉旺路
1291,上海,奉贤,立新中路
1292,上海,奉贤,远东路
1293,上海,奉贤,庄行镇一新街
1294,上海,奉贤,沿港河路
1295,上海,奉贤,光语著
1296,上海,奉贤,青村人民路
1297,上海,奉贤,海农公路
1298,上海,奉贤,泰青公路
1299,上海,奉贤,南亭公路
1300,上海,奉贤,南中路后门
1301,上海,奉贤,洪丹路
1302,上海,奉贤,光钱路
1303,上海,奉贤,红旗路
1304,上海,奉贤,人民中路新风弄
1305,上海,奉贤,新风弄
1306,上海,奉贤,南桥立新路
1307,上海,奉贤,百兴路
1308,上海,奉贤,解放中路
1309,上海,奉贤,城乡路
1310,上海,奉贤,贤百路
1311,上海,奉贤,新塘路
1312,上海,奉贤,海旗路
1313,上海,奉贤,振浦路
1314,上海,奉贤,民乐路
1315,上海,奉贤,唐城街
1316,上海,奉贤,瓦洪公路
1317,上海,奉贤,步韵街
1318,上海,奉贤,港极路
1319,上海,奉贤,新建东路
1320,上海,奉贤,周家弄
1321,上海,奉贤,褚家路
1322,上海,奉贤,东街油车弄
1323,上海,奉贤,新寺中街
1324,上海,奉贤,振贤一支路
1325,上海,奉贤,泰叶路
1326,上海,奉贤,海浪路
1327,上海,奉贤,四新街
1328,上海,奉贤,安邬路
1329,上海,奉贤,镇一新路
1330,上海,奉贤,洪新路
1331,上海,奉贤,韩谊路
1332,上海,奉贤,博丰路
1333,上海,青浦,凤丹路
1334,上海,青浦,叶联路
1335,上海,青浦,乐天路
1336,上海,青浦,徐盈路
1337,上海,青浦,青竹路
1338,上海,青浦,嘉松中路
1339,上海,青浦,西油墩港路
1340,上海,青浦,青浦青安路
1341,上海,青浦,秀沁路
1342,上海,青浦,石家浜路
1343,上海,青浦,西洋淀路
1344,上海,青浦,浦泰路
1345,上海,青浦,朱家角路
1346,上海,青浦,盈清路
1347,上海,青浦,大盈路
1348,上海,青浦,置发路
1349,上海,青浦,置鼎路
1350,上海,青浦,镇泽路
1351,上海,青浦,盈港路
1352,上海,青浦,凤徐路
1353,上海,青浦,赵华路
1354,上海,青浦,沈太路
1355,上海,青浦,石家浜东路
1356,上海,青浦,淀山湖大道
1357,上海,青浦,青松路
1358,上海,青浦,章练塘路
1359,上海,青浦,置旺路
1360,上海,青浦,池泾浜路
1361,上海,青浦,龙联路
1362,上海,青浦,绿舟路
1363,上海,青浦,东徐联路
1364,上海,青浦,港俞路
1365,上海,青浦,盈浩路
1366,上海,青浦,公园东路
1367,上海,青浦,业辉路
1368,上海,青浦,华科东路
1369,上海,青浦,诸陆西路
1370,上海,青浦,崧泽大道
1371,上海,青浦,宝银路
1372,上海,青浦,徐灵路
1373,上海,青浦,盈中西路
1374,上海,青浦,业煌路
1375,上海,青浦,会恒路
1376,上海,青浦,崧甘路
1377,上海,青浦,业文路
1378,上海,青浦,漕穗北路
1379,上海,青浦,商周公路
1380,上海,青浦,华强街
1381,上海,青浦,华浦路
1382,上海,青浦,业前路
1383,上海,青浦,漕盈路
1384,上海,青浦,徐和路
1385,上海,青浦,竹盈路
1386,上海,青浦,徐泾中路
1387,上海,青浦,福定路
1388,上海,青浦,徐泾西路
1389,上海,青浦,大盈浦路
1390,上海,青浦,盈贺路
1391,上海,青浦,淀湖路
1392,上海,青浦,盈米路
1393,上海,青浦,西大盈港一路
1394,上海,青浦,屯溪路
1395,上海,青浦,赵重公路
1396,上海,青浦,明珠路
1397,上海,青浦,黄泥娄路
1398,上海,青浦,崧文南路
1399,上海,青浦,育才路
1400,上海,青浦,救护大队路
1401,上海,青浦,上塘街
1402,上海,青浦,老朱青路
1403,上海,青浦,青泰路
1404,上海,青浦,城中东路
1405,上海,青浦,北大街
1406,上海,青浦,香花中路
1407,上海,青浦,凤阁路
1408,上海,青浦,向阳河路
1409,上海,青浦,赵江路
1410,上海,青浦,漕平支路
1411,上海,青浦,漕俞路
1412,上海,青浦,秀泉路
1413,上海,青浦,白石路
1414,上海,青浦,浦仓路
1415,上海,青浦,欧洲街
1416,上海,青浦,练塘镇下塘街
1417,上海,青浦,尚泰路
1418,上海,青浦,三元路
1419,上海,青浦,城中北路
1420,上海,青浦,新凤北路
1421,上海,青浦,北青公路
1422,上海,青浦,赵中路
1423,上海,青浦,崧子浦路
1424,上海,青浦,后浜路
1425,上海,青浦,城中西路
1426,上海,青浦,沙埭浜路
1427,上海,青浦,新苗路
1428,上海,青浦,赵巷路
1429,上海,青浦,前进街
1430,上海,青浦,白石公路
1431,上海,青浦,华志路
1432,上海,青浦,程鹤路
1433,上海,青浦,医院路
1434,上海,青浦,新桥路
1435,上海,青浦,沪青路
1436,上海,青浦,新海路
1437,上海,青浦,青赵公路
1438,上海,青浦,镇中路
1439,上海,青浦,鹤如路
1440,上海,青浦,课植园路
1441,上海,青浦,福泉山路
1442,上海,青浦,友爱路
1443,上海,青浦,金溪路
1444,上海,青浦,普光路
1445,上海,青浦,振盈路
1446,上海,青浦,俞家埭路
1447,上海,青浦,华新街
1448,上海,青浦,鹤江路
1449,上海,青浦,学前路
1450,上海,青浦,培育路
1451,上海,青浦,祥凝浜路
1452,上海,青浦,华腾路
1453,上海,青浦,新泾路
1454,上海,青浦,凤星路盛家宅
1455,上海,青浦,河畔路
1456,上海,青浦,五厍浜路
1457,上海,青浦,振泾路
1458,上海,青浦,新风路
1459,上海,青浦,新益路
1460,上海,青浦,民实路
1461,上海,青浦,夏家宅路
1462,上海,青浦,海盈路
1463,上海,青浦,京华路
1464,上海,青浦,香大路
1465,上海,青浦,练西公路
1466,上海,青浦,重固镇大街
1467,上海,青浦,西井街
1468,上海,青浦,久康路
1469,上海,青浦,珠溪路
1470,上海,青浦,金泽上塘街
1471,上海,青浦,赵屯浦路
1472,上海,青浦,下塘街
1473,上海,青浦,练新路
1474,上海,青浦,崧建路
1475,上海,青浦,胜利街
1476,上海,青浦,西湖街
1477,上海,青浦,福泉山东路
1478,上海,青浦,福中路
1479,上海,青浦,青昆路
1480,上海,青浦,华纺路
1481,上海,青浦,华隆路
1482,上海,青浦,泖溪路
1483,上海,青浦,朱家角绿湖路
1484,上海,青浦,镇乐路
1485,上海,青浦,鹤祥路
1486,上海,青浦,三星路
1487,上海,青浦,凤星路
1488,上海,青浦,金字圩路
1489,上海,青浦,方家塘路
1490,上海,青浦,漕程路
1491,上海,青浦,万寿路
1492,上海,青浦,汇金路
1493,上海,青浦,崧泉路
1494,上海,青浦,崧淀二路
1495,上海,青浦,崧涟二路
1496,上海,青浦,淀惠路
1497,上海,青浦,新塘港路
1498,上海,青浦,卫中路
1499,上海,青浦,乐高路
1500,上海,青浦,星凤中路
1501,上海,青浦,青湖东路
1502,上海,青浦,乐爱路
1503,上海,青浦,尚茂路
1504,上海,青浦,凤强塘路
1505,上海,青浦,凤坚塘路
1506,上海,青浦,崧古路
1507,上海,虹口,玉田路
1508,上海,虹口,广中支路
1509,上海,虹口,虹关路
1510,上海,虹口,天宝路
1511,上海,虹口,车站北路
1512,上海,虹口,四达路
1513,上海,虹口,吴家湾路
1514,上海,虹口,祥德路
1515,上海,虹口,天镇路
1516,上海,虹口,辉河路
1517,上海,虹口,长春路
1518,上海,虹口,运光路
1519,上海,虹口,胡家木桥路
1520,上海,虹口,广中路
1521,上海,虹口,巴林路
1522,上海,虹口,伊敏河路
1523,上海,虹口,东大名路
1524,上海,虹口,衡水路
1525,上海,虹口,宝安支路
1526,上海,虹口,海宁路
1527,上海,虹口,峨眉路
1528,上海,虹口,九龙路
1529,上海,虹口,中州路
1530,上海,虹口,同心路
1531,上海,虹口,广灵一路
1532,上海,虹口,欧阳路
1533,上海,虹口,安汾路
1534,上海,虹口,奎照路
1535,上海,虹口,车站西路
1536,上海,虹口,南路
1537,上海,虹口,车站南路
1538,上海,虹口,海门路
1539,上海,虹口,新嘉路
1540,上海,虹口,天潼路
1541,上海,虹口,逸仙路
1542,上海,虹口,天水路
1543,上海,虹口,岳州路
1544,上海,虹口,飞虹支路
1545,上海,虹口,保定路
1546,上海,虹口,临平北路
1547,上海,虹口,通州路
1548,上海,虹口,万安路
1549,上海,虹口,新同心路
1550,上海,虹口,海平路
1551,上海,虹口,唐山路
1552,上海,虹口,北苏州路
1553,上海,虹口,新港路
1554,上海,虹口,商丘路
1555,上海,虹口,东宝兴路
1556,上海,虹口,丹徒路
1557,上海,虹口,昆山路
1558,上海,虹口,花园路
1559,上海,虹口,北路
1560,上海,虹口,天通庵路
1561,上海,虹口,华昌路
1562,上海,虹口,昆明路
1563,上海,虹口,邯郸路
1564,上海,虹口,乍浦路
1565,上海,虹口,黄山路
1566,上海,虹口,青云路
1567,上海,虹口,蒋家桥路
1568,上海,虹口,溧阳路
1569,上海,虹口,吴淞路
1570,上海,虹口,南崇明路
1571,上海,虹口,东江湾路
1572,上海,虹口,山阴路
1573,上海,虹口,虹湾路
1574,上海,虹口,东体育会支路
1575,上海,虹口,吉祥路
1576,上海,虹口,四川北路
1577,上海,虹口,安国路
1578,上海,虹口,公平路
1579,上海,虹口,武进路
1580,上海,虹口,黄渡路
1581,上海,虹口,文迁路
1582,上海,虹口,虬江路
1583,上海,虹口,川公路
1584,上海,虹口,甜爱路
1585,上海,虹口,塘沽路
1586,上海,虹口,邢家桥北路
1587,上海,虹口,沽源路
1588,上海,虹口,北海宁路
1589,上海,虹口,海伦西路
1590,上海,虹口,哈尔滨路
1591,上海,虹口,霍山路
1592,上海,虹口,多伦路
1593,上海,虹口,公安街
1594,上海,虹口,广纪路
1595,上海,虹口,大名路
1596,上海,虹口,宝安路
1597,上海,虹口,广粤支路
1598,上海,虹口,池沟路
1599,上海,虹口,黄浦路
1600,上海,虹口,东横浜路
1601,上海,虹口,大连路
1602,上海,虹口,惠民路
1603,上海,虹口,临潼路
1604,上海,虹口,甘河路
1605,上海,虹口,甜爱支路
1606,上海,虹口,马厂路
1607,上海,虹口,嘉兴路
1608,上海,虹口,杨树浦路
1609,上海,虹口,昆山花园路
1610,上海,虹口,金山路
1611,上海,虹口,东江海路
1612,上海,虹口,闵行路
1613,上海,虹口,辽宁路
1614,上海,虹口,高阳路
1615,上海,虹口,长春支路
1616,上海,虹口,广联路
1617,上海,虹口,文治路
1618,上海,虹口,中山北二路
1619,上海,虹口,保宁路
1620,上海,虹口,虹镇老街
1621,上海,虹口,罗浮路
1622,上海,虹口,虬江支路
1623,上海,虹口,广灵二路
1624,上海,虹口,银欣路
1625,上海,静安,万荣路
1626,上海,静安,新丰路
1627,上海,静安,江宁路
1628,上海,静安,巨鹿路
1629,上海,静安,北京西路
1630,上海,静安,石门二路
1631,上海,静安,交通路
1632,上海,静安,广中西路
1633,上海,静安,凤阳路
1634,上海,静安,大田路
1635,上海,静安,南京西路
1636,上海,静安,民立路
1637,上海,静安,华康路
1638,上海,静安,高平路
1639,上海,静安,山西北路
1640,上海,静安,彭越浦路
1641,上海,静安,彭江路
1642,上海,静安,交城路
1643,上海,静安,闻喜路
1644,上海,静安,华山路
1645,上海,静安,永兴路
1646,上海,静安,武定西路
1647,上海,静安,俞泾港路
1648,上海,静安,石门一路
1649,上海,静安,浙江北路
1650,上海,静安,武宁南路
1651,上海,静安,青海路
1652,上海,静安,江场西路
1653,上海,静安,晋城路
1654,上海,静安,粤秀路
1655,上海,静安,延安中路
1656,上海,静安,国庆路
1657,上海,静安,晋元路
1658,上海,静安,共康路
1659,上海,静安,宜川路
1660,上海,静安,永兴小马路
1661,上海,静安,乌鲁木齐北路
1662,上海,静安,泰兴路
1663,上海,静安,通阁路
1664,上海,静安,成都北路
1665,上海,静安,长乐路
1666,上海,静安,谈家桥路
1667,上海,静安,万春街
1668,上海,静安,阳泉路
1669,上海,静安,汶水路
1670,上海,静安,胶州路
1671,上海,静安,泰州路
1672,上海,静安,鸿兴路
1673,上海,静安,宝通路
1674,上海,静安,民晏路
1675,上海,静安,南苏州路
1676,上海,静安,永和路
1677,上海,静安,芷江中路
1678,上海,静安,止园路
1679,上海,静安,金家巷西弄
1680,上海,静安,陈家宅路
1681,上海,静安,昌化路
1682,上海,静安,淮安路
1683,上海,静安,天目东路
1684,上海,静安,安业路
1685,上海,静安,南汇路
1686,上海,静安,恒丰北路
1687,上海,静安,奉贤路
1688,上海,静安,公兴路
1689,上海,静安,光复路
1690,上海,静安,陆丰路
1691,上海,静安,常熟路
1692,上海,静安,曲阜西路
1693,上海,静安,襄阳北路
1694,上海,静安,河南北路
1695,上海,静安,王家宅路
1696,上海,静安,民和路
1697,上海,静安,南山路
1698,上海,静安,民德路
1699,上海,静安,共和路
1700,上海,静安,康定东路
1701,上海,静安,江场路
1702,上海,静安,梅园路
1703,上海,静安,江场一路
1704,上海,静安,茂名北路
1705,上海,静安,蒙古路
1706,上海,静安,铜仁路
1707,上海,静安,临山路
1708,上海,静安,吴江路
1709,上海,静安,会文路
1710,上海,静安,七铺路
1711,上海,静安,乌鲁木齐中路
1712,上海,静安,富民路
1713,上海,静安,平陆路
1714,上海,静安,七浦路
1715,上海,静安,一二八纪念路
1716,上海,静安,新马路
1717,上海,静安,毛家弄
1718,上海,静安,康乐路
1719,上海,静安,谈家桥支路
1720,上海,静安,泽州路
1721,上海,静安,西宝兴路
1722,上海,静安,临川路
1723,上海,静安,升平街
1724,上海,静安,江苏路
1725,上海,黄浦,蒙自西路
1726,上海,黄浦,南塘浜路
1727,上海,黄浦,济南路
1728,上海,黄浦,局门路
1729,上海,黄浦,蒙自路
1730,上海,黄浦,毛家园路
1731,上海,黄浦,徽宁路
1732,上海,黄浦,黄陂南路
1733,上海,黄浦,普育东路
1734,上海,黄浦,顺昌路
1735,上海,黄浦,黄家路
1736,上海,黄浦,薛家浜路
1737,上海,黄浦,紫霞路
1738,上海,黄浦,龙华东路
1739,上海,黄浦,绍兴路
1740,上海,黄浦,建德路
1741,上海,黄浦,浙江中路
1742,上海,黄浦,广西北路
1743,上海,黄浦,汉口路
1744,上海,黄浦,大林路
1745,上海,黄浦,江阴街
1746,上海,黄浦,东台路
1747,上海,黄浦,重庆北路
1748,上海,黄浦,肇周路
1749,上海,黄浦,香山路
1750,上海,黄浦,普安路
1751,上海,黄浦,河南中路
1752,上海,黄浦,西姚家弄
1753,上海,黄浦,复兴东路
1754,上海,黄浦,东街
1755,上海,黄浦,思南路
1756,上海,黄浦,江西中路
1757,上海,黄浦,九江路
1758,上海,黄浦,尚文路
1759,上海,黄浦,黄家阙路
1760,上海,黄浦,迎勋路
1761,上海,黄浦,青岛路
1762,上海,黄浦,福州路
1763,上海,黄浦,露香园路
1764,上海,黄浦,兴业路
1765,上海,黄浦,左街
1766,上海,黄浦,多稼路
1767,上海,黄浦,老太平弄
1768,上海,黄浦,昭通路
1769,上海,黄浦,淡水路
1770,上海,黄浦,方斜路
1771,上海,黄浦,白渡路
1772,上海,黄浦,国货路
1773,上海,黄浦,学前街
1774,上海,黄浦,厦门路
1775,上海,黄浦,瑞金一路
1776,上海,黄浦,四川南路
1777,上海,黄浦,合肥路
1778,上海,黄浦,温州路
1779,上海,黄浦,黄河路
1780,上海,黄浦,和顺街
1781,上海,黄浦,宁波路
1782,上海,黄浦,学院路
1783,上海,黄浦,雁荡路
1784,上海,黄浦,海南西弄
1785,上海,黄浦,光启路
1786,上海,黄浦,牌楼路
1787,上海,黄浦,江阴路
1788,上海,黄浦,山西南路
1789,上海,黄浦,乔家路
1790,上海,黄浦,西唐家弄
1791,上海,黄浦,广西南路
1792,上海,黄浦,桑园街
1793,上海,黄浦,学宫街
1794,上海,黄浦,望云路
1795,上海,黄浦,车站支路
1796,上海,黄浦,宁海东路
1797,上海,黄浦,梦花街
1798,上海,黄浦,云南南路
1799,上海,黄浦,广东路
1800,上海,黄浦,西爱邨
1801,上海,黄浦,永年路
1802,上海,黄浦,进贤路
1803,上海,黄浦,淮海东路
1804,上海,黄浦,金陵东路
1805,上海,黄浦,泗泾路
1806,上海,黄浦,福建中路
1807,上海,黄浦,光启南路
1808,上海,黄浦,仪凤弄
1809,上海,黄浦,延安东路
1810,上海,黄浦,也是园弄
1811,上海,黄浦,福佑路
1812,上海,黄浦,皋兰路
1813,上海,黄浦,牯岭路
1814,上海,黄浦,滇池路
1815,上海,黄浦,盆汤弄
1816,上海,黄浦,南京东路
1817,上海,黄浦,云南北路
1818,上海,黄浦,山东中路
1819,上海,黄浦,俞家弄
1820,上海,黄浦,庄家街
1821,上海,黄浦,兴安路
1822,上海,黄浦,董家渡路
1823,上海,黄浦,天津路
1824,上海,黄浦,西藏中路
1825,上海,黄浦,静修路
1826,上海,黄浦,牛庄路
1827,上海,黄浦,方斜后路
1828,上海,黄浦,台湾路
1829,上海,黄浦,普育西路
1830,上海,黄浦,赵家宅路
1831,上海,黄浦,会稽路
1832,上海,黄浦,长沙路
1833,上海,黄浦,南仓街
1834,上海,黄浦,虎丘路
1835,上海,黄浦,山东北路
1836,上海,黄浦,药局弄
1837,上海,黄浦,西仓桥街
1838,上海,黄浦,四川中路
1839,上海,黄浦,巡道街
1840,上海,黄浦,石潭弄
1841,上海,黄浦,丽水路
1842,上海,黄浦,成都南路
1843,上海,黄浦,文庙路
1844,上海,黄浦,天柱山路
1845,上海,黄浦,定兴路
1846,上海,黄浦,贵州路
1847,上海,黄浦,自忠路
1848,上海,黄浦,小桃园街
1849,上海,黄浦,高家弄
1850,上海,黄浦,康家弄
1851,上海,黄浦,面筋弄
1852,上海,黄浦,五福弄
1853,上海,黄浦,梅家街
1854,上海,黄浦,方浜西路
1855,上海,黄浦,开平路
1856,上海,黄浦,日晖东路
1857,上海,黄浦,西民立路
1858,上海,黄浦,泰康路
1859,上海,黄浦,迎勋北路
1860,上海,黄浦,老道前街
1861,上海,黄浦,马园街
1862,上海,黄浦,寿宁路
1863,上海,黄浦,艾家弄
1864,上海,黄浦,山海关路
1865,上海,黄浦,虹桥弄
1866,上海,黄浦,弄
1867,上海,黄浦,铁道路
1868,上海,黄浦,新永安路
1869,上海,黄浦,四牌楼路
1870,上海,黄浦,盛家街
1871,上海,黄浦,湖北路
1872,上海,黄浦,斜徐路
1873,上海,黄浦,金坛路
1874,上海,黄浦,龙华路
1875,上海,黄浦,安澜路
1876,上海,黄浦,中山东二路
1877,上海,黄浦,天灯弄
1878,上海,黄浦,北海路
1879,上海,黄浦,车站东路
1880,上海,黄浦,六合路
1881,上海,黄浦,吉安路
1882,上海,黄浦,永安路
1883,上海,黄浦,斜土支路
1884,上海,黄浦,金陵西路
1885,上海,黄浦,先棉祠街
1886,上海,黄浦,半淞园路
1887,上海,黄浦,林荫路
1888,上海,黄浦,永寿路
1889,上海,黄浦,老重庆中路
1890,上海,黄浦,沙家街
1891,上海,黄浦,昼锦路
1892,上海,嘉定,柳梁路
1893,上海,嘉定,沪宜公路
1894,上海,嘉定,鹤友路
1895,上海,嘉定,双单路
1896,上海,嘉定,鹤望路
1897,上海,嘉定,安谐路
1898,上海,嘉定,安悦路
1899,上海,嘉定,封周路
1900,上海,嘉定,康年路
1901,上海,嘉定,崇文路
1902,上海,嘉定,崇教路
1903,上海,嘉定,栖林路
1904,上海,嘉定,康丰路
1905,上海,嘉定,丰庄路
1906,上海,嘉定,临洮路
1907,上海,嘉定,靖远路
1908,上海,嘉定,育英南街
1909,上海,嘉定,重福路
1910,上海,嘉定,海川路
1911,上海,嘉定,德立路
1912,上海,嘉定,华江支路
1913,上海,嘉定,于塘南路
1914,上海,嘉定,荣轩路
1915,上海,嘉定,宝塔路
1916,上海,嘉定,德富路
1917,上海,嘉定,博乐路
1918,上海,嘉定,金沙江西路
1919,上海,嘉定,华江路
1920,上海,嘉定,城固路
1921,上海,嘉定,瑞林路
1922,上海,嘉定,昌吉路
1923,上海,嘉定,双浦路
1924,上海,嘉定,南安路
1925,上海,嘉定,雅丹路
1926,上海,嘉定,崇福路
1927,上海,嘉定,陈家山路
1928,上海,嘉定,嘉唐公路
1929,上海,嘉定,皇庆路
1930,上海,嘉定,爱特路
1931,上海,嘉定,古猗园南路
1932,上海,嘉定,曹南路
1933,上海,嘉定,南华路
1934,上海,嘉定,阜康西路
1935,上海,嘉定,双丁路
1936,上海,嘉定,吉镇路
1937,上海,嘉定,嘉怡路
1938,上海,嘉定,嘉涛路
1939,上海,嘉定,雅翔路
1940,上海,嘉定,东大街
1941,上海,嘉定,安智路
1942,上海,嘉定,众仁南路
1943,上海,嘉定,民主东街
1944,上海,嘉定,天祝路
1945,上海,嘉定,博园路
1946,上海,嘉定,永靖路
1947,上海,嘉定,德园南路
1948,上海,嘉定,定边路
1949,上海,嘉定,春荣路
1950,上海,嘉定,临潭路
1951,上海,嘉定,望融路
1952,上海,嘉定,叶城路
1953,上海,嘉定,张掖路
1954,上海,嘉定,墨玉南路
1955,上海,嘉定,柳湖路
1956,上海,嘉定,竹笛路
1957,上海,嘉定,翔黄公路
1958,上海,嘉定,民主街
1959,上海,嘉定,双坪路
1960,上海,嘉定,沙霞路
1961,上海,嘉定,希望路
1962,上海,嘉定,新建一路
1963,上海,嘉定,远香湖路
1964,上海,嘉定,迎园中路
1965,上海,嘉定,真南路
1966,上海,嘉定,东环路
1967,上海,嘉定,万镇路
1968,上海,嘉定,安驰路
1969,上海,嘉定,迎园路
1970,上海,嘉定,塔城东路
1971,上海,嘉定,百安公路
1972,上海,嘉定,恒涛路
1973,上海,嘉定,棋盘路
1974,上海,嘉定,环城路
1975,上海,嘉定,外钱公路
1976,上海,嘉定,丰华公路
1977,上海,嘉定,绿菊路
1978,上海,嘉定,安礼路
1979,上海,嘉定,成泽路
1980,上海,嘉定,启悦路
1981,上海,嘉定,安诚路
1982,上海,嘉定,嘉戬公路
1983,上海,嘉定,嘉涌路
1984,上海,嘉定,金润路
1985,上海,嘉定,祁昌路
1986,上海,嘉定,嘉行公路
1987,上海,嘉定,富蕴路
1988,上海,嘉定,良舍路
1989,上海,嘉定,塔山路
1990,上海,嘉定,祁连山南路
1991,上海,嘉定,城北路
1992,上海,嘉定,和静路
1993,上海,嘉定,星华公路
1994,上海,嘉定,仓场路
1995,上海,嘉定,张马路
1996,上海,嘉定,武乡南路
1997,上海,嘉定,树屏路
1998,上海,嘉定,复华路
1999,上海,嘉定,北安德路
2000,上海,嘉定,盘安路
2001,上海,嘉定,裕丰路
2002,上海,嘉定,育兰支路
2003,上海,嘉定,金沙路
2004,上海,嘉定,震川路
2005,上海,嘉定,马陆街
2006,上海,嘉定,嘉安公路
2007,上海,嘉定,项泾西街
2008,上海,嘉定,新成路
2009,上海,嘉定,解放街
2010,上海,嘉定,丰翔路
2011,上海,嘉定,墅沟路
2012,上海,嘉定,柴家弄
2013,上海,嘉定,樱花路
2014,上海,嘉定,曹新路
2015,上海,嘉定,嘉丰路
2016,上海,嘉定,温宿路
2017,上海,嘉定,陆镇北街
2018,上海,嘉定,曹安路
2019,上海,嘉定,阿克苏路
2020,上海,嘉定,绿苑路
2021,上海,嘉定,南新路
2022,上海,嘉定,嘉罗公路
2023,上海,嘉定,澄浏中路
2024,上海,嘉定,方德路
2025,上海,嘉定,虞姬墩路
2026,上海,嘉定,宝钱公路
2027,上海,嘉定,绿苑支路
2028,上海,嘉定,马陆塘街
2029,上海,嘉定,翔封路
2030,上海,嘉定,喜泉路
2031,上海,嘉定,武都路
2032,上海,嘉定,江佳路
2033,上海,嘉定,顺达路
2034,上海,嘉定,沈徐路
2035,上海,嘉定,人民街
2036,上海,嘉定,思诚路
2037,上海,嘉定,嘉戬支路
2038,上海,嘉定,东港路
2039,上海,嘉定,祁昌北路
2040,上海,嘉定,永盛路
2041,上海,嘉定,城中街
2042,上海,嘉定,民丰路
2043,上海,嘉定,曲惠路
2044,上海,嘉定,胜竹路
2045,上海,嘉定,和政路
2046,上海,嘉定,嘉程东路
2047,上海,嘉定,古漪园路
2048,上海,嘉定,南安德路
2049,上海,嘉定,叶城东路
2050,上海,嘉定,沙河路
2051,上海,嘉定,翔方路
2052,上海,嘉定,卧龙路
2053,上海,嘉定,胜辛南路
2054,上海,嘉定,回城南路
2055,上海,嘉定,慈竹路
2056,上海,嘉定,招贤东路
2057,上海,嘉定,方陆路
2058,上海,嘉定,吴杨路
2059,上海,嘉定,曹王路
2060,上海,嘉定,群裕路
2061,上海,嘉定,樱花街
2062,上海,嘉定,兴盛街
2063,上海,嘉定,玉麦路
2064,上海,嘉定,娄塘南新路
2065,上海,嘉定,高竹路
2066,上海,嘉定,新黄路
2067,上海,嘉定,大治路
2068,上海,嘉定,惠平路
2069,上海,嘉定,银翔路一二二七弄
2070,上海,嘉定,启源路
2071,上海,嘉定,民悦街
2072,上海,嘉定,方中路
2073,上海,嘉定,仓场东路
2074,上海,嘉定,嘉峪关路
2075,上海,嘉定,绿苑南路
2076,上海,嘉定,乐惠路
2077,上海,嘉定,茂华路
2078,上海,嘉定,星华路
2079,上海,嘉定,佳通路
2080,上海,嘉定,茹水路
2081,上海,嘉定,嘉年路
2082,上海,嘉定,陈翔路
2083,上海,嘉定,育绿路
2084,上海,嘉定,和平街
2085,上海,嘉定,安勇路
2086,上海,嘉定,杭桂路
2087,上海,嘉定,高石路
2088,上海,嘉定,智翔路
2089,上海,嘉定,安研路
2090,上海,嘉定,顺宁路
2091,上海,嘉定,启宁路
2092,上海,嘉定,霍城路
2093,上海,松江,德宁路
2094,上海,松江,城置路
2095,上海,松江,泗祥路
2096,上海,松江,辰花路
2097,上海,松江,茸盛路
2098,上海,松江,伴亭路
2099,上海,松江,雪家桥路
2100,上海,松江,涞坊路
2101,上海,松江,云清路
2102,上海,松江,新镇街
2103,上海,松江,新南街
2104,上海,松江,淡家浜街
2105,上海,松江,仓华路
2106,上海,松江,朗亭路
2107,上海,松江,茜浦路
2108,上海,松江,城隆路
2109,上海,松江,滨湖路
2110,上海,松江,九新公路
2111,上海,松江,明兴路
2112,上海,松江,文宇路
2113,上海,松江,仓轩路
2114,上海,松江,茸树路
2115,上海,松江,茜蒲路
2116,上海,松江,思贤路
2117,上海,松江,冬梅路
2118,上海,松江,松汇中路
2119,上海,松江,松汇西路
2120,上海,松江,仓汇路
2121,上海,松江,新农河路
2122,上海,松江,弘翔路
2123,上海,松江,影振路
2124,上海,松江,场南路
2125,上海,松江,影佳路
2126,上海,松江,开江二路
2127,上海,松江,江川北路
2128,上海,松江,场西路
2129,上海,松江,莘砖公路
2130,上海,松江,沪亭南路
2131,上海,松江,辰塔路
2132,上海,松江,乐都支路
2133,上海,松江,叶校路
2134,上海,松江,泗砖南路
2135,上海,松江,通波路
2136,上海,松江,洞塔路
2137,上海,松江,洞坤路
2138,上海,松江,江学路
2139,上海,松江,茸龙路
2140,上海,松江,陆家圈路
2141,上海,松江,祥严路
2142,上海,松江,永隆路
2143,上海,松江,东外街
2144,上海,松江,长浜路
2145,上海,松江,新育路
2146,上海,松江,米筛浜路
2147,上海,松江,平阳河路
2148,上海,松江,普照路
2149,上海,松江,勋业东路
2150,上海,松江,场东路
2151,上海,松江,开江西路
2152,上海,松江,鼓浪路
2153,上海,松江,长兴东路
2154,上海,松江,春九路
2155,上海,松江,中山东路
2156,上海,松江,方塔南路
2157,上海,松江,仓建路
2158,上海,松江,仓丰路
2159,上海,松江,泗泾镇杨家弄
2160,上海,松江,佘北公路
2161,上海,松江,草长浜路
2162,上海,松江,江川南路
2163,上海,松江,九亭镇虬泾路
2164,上海,松江,龙源路
2165,上海,松江,兴仓路
2166,上海,松江,洞宁路
2167,上海,松江,龙腾路
2168,上海,松江,嘉松南路
2169,上海,松江,茸梅路
2170,上海,松江,文涵路
2171,上海,松江,马尾山路
2172,上海,松江,秋柏路
2173,上海,松江,南其昌路
2174,上海,松江,沈砖公路
2175,上海,松江,洞照路
2176,上海,松江,西林南路
2177,上海,松江,赵昆公路
2178,上海,松江,菜花泾
2179,上海,松江,北翠路
2180,上海,松江,中山二路
2181,上海,松江,玉树路
2182,上海,松江,淀浦河路
2183,上海,松江,西新桥路
2184,上海,松江,青凯路
2185,上海,松江,江峰路
2186,上海,松江,贡嘎山路
2187,上海,松江,中山中路
2188,上海,松江,长水街
2189,上海,松江,张泾路
2190,上海,松江,银泽路
2191,上海,松江,佘月路
2192,上海,松江,崇南公路
2193,上海,松江,木鱼弄
2194,上海,松江,谷阳南路
2195,上海,松江,洞业路
2196,上海,松江,泗砖路
2197,上海,松江,彭丰路
2198,上海,松江,富强路
2199,上海,松江,绿城路
2200,上海,松江,荣乐东路
2201,上海,松江,灵竹路
2202,上海,松江,亭知路
2203,上海,松江,玉华路
2204,上海,松江,西林北路
2205,上海,松江,翔昆路
2206,上海,松江,江川南二路
2207,上海,松江,斜桥路
2208,上海,松江,光华路
2209,上海,松江,叶繁路
2210,上海,松江,松江荣乐中路
2211,上海,松江,泗砖公路
2212,上海,松江,中天路
2213,上海,松江,小机山路
2214,上海,松江,洞莘路
2215,上海,松江,同乐路
2216,上海,松江,申港路
2217,上海,松江,新北街
2218,上海,松江,长谷路
2219,上海,松江,香家弄
2220,上海,松江,九峰路
2221,上海,松江,车亭公路
2222,上海,松江,闵塔路
2223,上海,松江,环山路
2224,上海,松江,九谊路
2225,上海,松江,东栅路
2226,上海,松江,松东路
2227,上海,松江,西其昌路
2228,上海,松江,龙兴路
2229,上海,松江,西新桥
2230,上海,松江,官厅路
2231,上海,松江,新中街路
2232,上海,松江,平原街
2233,上海,松江,松卫北路
2234,上海,松江,中德路
2235,上海,松江,浦汇路
2236,上海,松江,青城山路
2237,上海,松江,文合路
2238,上海,松江,永丰路
2239,上海,松江,迎宾路
2240,上海,松江,南埭路
2241,上海,松江,松苑路
2242,上海,松江,车新公路
2243,上海,松江,玉秀路
2244,上海,松江,寅青路
2245,上海,松江,中山东路西司弄
2246,上海,松江,南湾路
2247,上海,松江,联阳路
2248,上海,松江,沪淞路
2249,上海,松江,新车公路
2250,上海,松江,松江亭南路
2251,上海,松江,海伦堡兰园
2252,上海,松江,光明云庐
2253,上海,松江,绿都雅苑
2254,上海,松江,荣乐路
2255,上海,松江,方塔北路
2256,上海,松江,昆港公路
2257,上海,松江,秀水新路
2258,上海,松江,亭中路
2259,上海,松江,联营路
2260,上海,松江,秋潭路
2261,上海,松江,人民南路阔街
2262,上海,松江,佘新路
2263,上海,松江,新站路
2264,上海,松江,茸悦路
2265,上海,松江,西霞路
2266,上海,松江,小桥浜
2267,上海,松江,影维路
2268,上海,松江,叶政路
2269,上海,松江,北松公路
2270,上海,松江,松汇路
2271,上海,松江,化工路
2272,上海,松江,镇南路
2273,上海,松江,景德路
2274,上海,松江,长桥街
2275,上海,松江,西期昌路
2276,上海,松江,莘松公路
2277,上海,松江,林叶路
2278,上海,松江,五昆路
2279,上海,松江,茸凯路
2280,上海,松江,佘天昆公路
2281,上海,松江,城松路
2282,上海,松江,林荫新路
2283,上海,松江,春莘路
2284,上海,长宁,芙蓉江路
2285,上海,长宁,娄山关路
2286,上海,长宁,江苏北路
2287,上海,长宁,法华镇路
2288,上海,长宁,甘溪路
2289,上海,长宁,平塘路
2290,上海,长宁,遵义路
2291,上海,长宁,仙霞西路
2292,上海,长宁,可乐路
2293,上海,长宁,遵义南路
2294,上海,长宁,新渔东路
2295,上海,长宁,双流路
2296,上海,长宁,平武路
2297,上海,长宁,兴义路
2298,上海,长宁,安西路
2299,上海,长宁,紫云路
2300,上海,长宁,泰安路
2301,上海,长宁,紫云西路
2302,上海,长宁,西诸安浜路
2303,上海,长宁,兴国路
2304,上海,长宁,青溪路
2305,上海,长宁,长宁支路
2306,上海,长宁,金浜路
2307,上海,长宁,程家桥路
2308,上海,长宁,云雾山路
2309,上海,长宁,华阳路
2310,上海,长宁,协和路
2311,上海,长宁,安化路
2312,上海,长宁,锦屏路
2313,上海,长宁,湖南路
2314,上海,长宁,中泾路
2315,上海,长宁,龙溪路
2316,上海,长宁,香花桥路
2317,上海,长宁,定威路
2318,上海,长宁,云阳路
2319,上海,长宁,临新路
2320,上海,长宁,曹家堰路
2321,上海,长宁,清池路
2322,上海,长宁,昭化东路
2323,上海,长宁,新潮路
2324,上海,长宁,红宝石路
2325,上海,长宁,蒲淞北路
2326,上海,长宁,原淞虹路
2327,上海,长宁,通协路
2328,上海,长宁,临虹路
2329,上海,长宁,长宁路支路
2330,上海,长宁,番愚路
2331,上海,长宁,淮阴路
2332,上海,长宁,蒲松北路
2333,上海,长宁,杨宅路
2334,上海,长宁,广顺路
2335,上海,长宁,玛瑙路
2336,上海,长宁,富贵东道
2337,上海,杨浦,国权东路
2338,上海,杨浦,政和路
2339,上海,杨浦,民星路
2340,上海,杨浦,阜新路
2341,上海,杨浦,龙江路
2342,上海,杨浦,顺平路
2343,上海,杨浦,辽源西路
2344,上海,杨浦,凤城路
2345,上海,杨浦,佳木斯路
2346,上海,杨浦,中原路
2347,上海,杨浦,怀德路
2348,上海,杨浦,武川路
2349,上海,杨浦,锦西路
2350,上海,杨浦,双阳北路
2351,上海,杨浦,榆林路
2352,上海,杨浦,铁岭路
2353,上海,杨浦,伟德路
2354,上海,杨浦,大学路
2355,上海,杨浦,内江路
2356,上海,杨浦,国年路
2357,上海,杨浦,沈阳路
2358,上海,杨浦,绥中路
2359,上海,杨浦,辽阳路
2360,上海,杨浦,民府路
2361,上海,杨浦,国霞路
2362,上海,杨浦,打虎山路
2363,上海,杨浦,国安路
2364,上海,杨浦,沧州路
2365,上海,杨浦,国权路
2366,上海,杨浦,政旦东路
2367,上海,杨浦,世界路
2368,上海,杨浦,双阳路
2369,上海,杨浦,安图路
2370,上海,杨浦,控江二村
2371,上海,杨浦,扬州路
2372,上海,杨浦,锦创路
2373,上海,杨浦,伟成路
2374,上海,杨浦,政青路
2375,上海,杨浦,通北路
2376,上海,杨浦,国秀路
2377,上海,杨浦,河间路
2378,上海,杨浦,双辽路
2379,上海,杨浦,水丰路
2380,上海,杨浦,政本路
2381,上海,杨浦,本溪路
2382,上海,杨浦,政民路
2383,上海,杨浦,政通路
2384,上海,杨浦,军工路
2385,上海,杨浦,图们路
2386,上海,杨浦,政肃路
2387,上海,杨浦,宁国路
2388,上海,杨浦,敦化路
2389,上海,杨浦,广州路
2390,上海,杨浦,宁武路
2391,上海,杨浦,国权后路
2392,上海,杨浦,双阳支路
2393,上海,杨浦,清源环路
2394,上海,杨浦,腾越路
2395,上海,杨浦,渭南路
2396,上海,杨浦,黎平路
2397,上海,杨浦,民治路
2398,上海,杨浦,海州路
2399,上海,杨浦,定海路
2400,上海,杨浦,重固路
2401,上海,杨浦,翔殷支路
2402,上海,杨浦,图门路
2403,上海,杨浦,国定东路
2404,上海,杨浦,国科路
2405,上海,杨浦,国宾路
2406,上海,杨浦,政益路
2407,上海,杨浦,临青路
2408,上海,杨浦,舒兰路
2409,上海,杨浦,长白路
2410,上海,杨浦,国京路
2411,上海,杨浦,国康路
2412,上海,杨浦,靖宇中路
2413,上海,杨浦,锦州湾路
2414,上海,杨浦,福宁路
2415,上海,杨浦,康博名邸
2416,上海,杨浦,关山路
2417,上海,杨浦,波阳路
2418,上海,杨浦,周家牌路
2419,上海,杨浦,长海路
2420,上海,杨浦,隆昌路路
2421,上海,杨浦,源泉路
2422,上海,杨浦,恒仁路
2423,上海,杨浦,丹阳路
2424,上海,杨浦,苏家屯路
2425,上海,杨浦,政熙路
2426,上海,普陀,黄陵路
2427,上海,普陀,顺义路
2428,上海,普陀,祁安路
2429,上海,普陀,富平路
2430,上海,普陀,银杏路
2431,上海,普陀,岚皋路
2432,上海,普陀,清峪路
2433,上海,普陀,延川路
2434,上海,普陀,西乡路
2435,上海,普陀,三源路
2436,上海,普陀,子长路
2437,上海,普陀,石泉东路
2438,上海,普陀,泰山支路
2439,上海,普陀,管弄
2440,上海,普陀,宜君路
2441,上海,普陀,新会路
2442,上海,普陀,泾惠路
2443,上海,普陀,双山路
2444,上海,普陀,竹柳路
2445,上海,普陀,白玉路
2446,上海,普陀,怒江路
2447,上海,普陀,礼尚路
2448,上海,普陀,水泉路
2449,上海,普陀,静宁路
2450,上海,普陀,宁强路
2451,上海,普陀,石湾路
2452,上海,普陀,东新支路
2453,上海,普陀,石泉路
2454,上海,普陀,洛川路
2455,上海,普陀,真北支路
2456,上海,普陀,普雄路
2457,上海,普陀,香樟路
2458,上海,普陀,梅岭南路
2459,上海,普陀,中宁路
2460,上海,普陀,杨柳青路
2461,上海,普陀,新泉路
2462,上海,普陀,岚皋西路
2463,上海,普陀,云岭东路
2464,上海,普陀,红柳路
2465,上海,普陀,交暨路
2466,上海,普陀,连亮路
2467,上海,普陀,泾阳路
2468,上海,普陀,梅岭支路
2469,上海,普陀,杏山路
2470,上海,普陀,千阳南路
2471,上海,普陀,潮州路
2472,上海,普陀,华池路
2473,上海,普陀,桃浦西路
2474,上海,普陀,固川路
2475,上海,普陀,西谈家渡路
2476,上海,普陀,岚皋路路
2477,上海,普陀,农林路
2478,上海,普陀,宁川路
2479,上海,普陀,西沙洪浜
2480,上海,普陀,万航渡后路
2481,上海,普陀,南石二路
2482,上海,普陀,棠浦路
2483,上海,普陀,隆德路
2484,上海,普陀,南石一路
2485,上海,普陀,绥德路
2486,上海,普陀,旬阳路
2487,上海,普陀,曹阳路
2488,上海,普陀,谈家渡路
2489,上海,普陀,府村路
2490,上海,普陀,长风瑞仕璟庭
2491,上海,普陀,桂巷路
2492,上海,普陀,桐柏路
2493,上海,普陀,万泉路
2494,上海,普陀,金迈路
2495,上海,普陀,安远路路
2496,上海,普陀,郁家弄
2497,上海,普陀,叶家宅路
2498,上海,普陀,白兰路
2499,上海,普陀,云岭西路
2500,上海,普陀,枫桥路
2501,上海,徐汇,古井路
2502,上海,徐汇,田林东路
2503,上海,徐汇,钦州南路
2504,上海,徐汇,龙川北路
2505,上海,徐汇,辛耕路
2506,上海,徐汇,文定路
2507,上海,徐汇,桂平支路
2508,上海,徐汇,凌云路
2509,上海,徐汇,百色路
2510,上海,徐汇,南丹东路
2511,上海,徐汇,龙水北路
2512,上海,徐汇,华石路
2513,上海,徐汇,乌鲁木齐南路
2514,上海,徐汇,天平路
2515,上海,徐汇,龙州路
2516,上海,徐汇,石龙路
2517,上海,徐汇,龙瑞路
2518,上海,徐汇,吴兴路
2519,上海,徐汇,龙华西路周家湾
2520,上海,徐汇,医学院路
2521,上海,徐汇,冠生园路
2522,上海,徐汇,丰谷路
2523,上海,徐汇,柳州路
2524,上海,徐汇,望月路
2525,上海,徐汇,上中路
2526,上海,徐汇,龙水南路
2527,上海,徐汇,浦北路
2528,上海,徐汇,罗城路
2529,上海,徐汇,南宁路
2530,上海,徐汇,徐虹北路
2531,上海,徐汇,宾阳路
2532,上海,徐汇,天等路
2533,上海,徐汇,田东路
2534,上海,徐汇,东泉路
2535,上海,徐汇,龙兰路
2536,上海,徐汇,高安路
2537,上海,徐汇,正阳路
2538,上海,徐汇,瑞宁路
2539,上海,徐汇,新乐路
2540,上海,徐汇,炎虹路
2541,上海,徐汇,徐虹路
2542,上海,徐汇,怀安街
2543,上海,徐汇,华容路
2544,上海,徐汇,裕德路
2545,上海,徐汇,广元西路
2546,上海,徐汇,合宝路
2547,上海,徐汇,宾南路
2548,上海,徐汇,复兴西路
2549,上海,徐汇,衡山路
2550,上海,徐汇,中漕路
2551,上海,徐汇,华济路
2552,上海,徐汇,沙家浜路
2553,上海,徐汇,罗香路
2554,上海,徐汇,襄阳南路
2555,上海,徐汇,岳阳路
2556,上海,徐汇,清真路
2557,上海,徐汇,汾阳路
2558,上海,徐汇,古宜路
2559,上海,徐汇,康平路
2560,上海,徐汇,虹桥路塘子泾
2561,上海,徐汇,桂江路
2562,上海,徐汇,喜泰北路
2563,上海,徐汇,田林路
2564,上海,徐汇,喜泰路
2565,上海,徐汇,五原路
2566,上海,徐汇,广元路
2567,上海,徐汇,黄石路
2568,上海,徐汇,安亭路
2569,上海,徐汇,东湖路
2570,上海,徐汇,柿子湾路
2571,上海,徐汇,永福路
2572,上海,徐汇,漕东路
2573,上海,徐汇,双峰路
2574,上海,徐汇,延庆路
2575,上海,徐汇,余庆路
2576,上海,徐汇,龙腾大道
2577,上海,徐汇,茶陵北路
2578,上海,徐汇,宛平路
2579,上海,徐汇,德昌路
2580,上海,徐汇,龙华中路
2581,上海,徐汇,肇家浜路
2582,上海,徐汇,东平路
2583,上海,徐汇,雅安路
2584,上海,徐汇,宝庆路
2585,上海,徐汇,龙临路
2586,上海,徐汇,定安路
2587,上海,徐汇,乌鲁木齐南路甲
2588,上海,徐汇,零陵北路
2589,上海,徐汇,高邮路
2590,上海,徐汇,田州路
2591,上海,徐汇,龙华西路沈家宅
2592,上海,徐汇,紫阳路
2593,上海,徐汇,嘉川路
2594,上海,徐汇,沪闵路徐汇公园道壹号
2595,上海,徐汇,柳州路田林路
2596,上海,徐汇,喜泰支路
2597,上海,徐汇,秀山支路
2598,上海,宝山,华和路
2599,上海,宝山,镇泰路
2600,上海,宝山,松兰路
2601,上海,宝山,菊盛路
2602,上海,宝山,抚远路
2603,上海,宝山,莲花山路
2604,上海,宝山,竹韵路
2605,上海,宝山,纬地
2606,上海,宝山,德都路
2607,上海,宝山,四元路
2608,上海,宝山,乾溪路
2609,上海,宝山,台路
2610,上海,宝山,云西路
2611,上海,宝山,通河路
2612,上海,宝山,菊联路
2613,上海,宝山,大康路
2614,上海,宝山,康文路
2615,上海,宝山,花园宅路
2616,上海,宝山,水产路
2617,上海,宝山,长逸路
2618,上海,宝山,杨泰路
2619,上海,宝山,淞塘路
2620,上海,宝山,江杨北路
2621,上海,宝山,走马塘路
2622,上海,宝山,沙浦路
2623,上海,宝山,宝荻路
2624,上海,宝山,联泰路
2625,上海,宝山,城银路
2626,上海,宝山,东太路
2627,上海,宝山,南东路
2628,上海,宝山,淞兴西路
2629,上海,宝山,海笛路
2630,上海,宝山,殷高路
2631,上海,宝山,高跃路
2632,上海,宝山,涵青路
2633,上海,宝山,顾北东路
2634,上海,宝山,月富路
2635,上海,宝山,革新路
2636,上海,宝山,塘后路
2637,上海,宝山,殷高西路
2638,上海,宝山,月罗路
2639,上海,宝山,洛场路
2640,上海,宝山,潘广路
2641,上海,宝山,美兰湖路
2642,上海,宝山,长江路
2643,上海,宝山,富锦路
2644,上海,宝山,集贤路
2645,上海,宝山,祁北东路
2646,上海,宝山,淞良路
2647,上海,宝山,怡华苑路
2648,上海,宝山,月川路
2649,上海,宝山,东林路
2650,上海,宝山,东河沿路
2651,上海,宝山,古莲路
2652,上海,宝山,春雷路
2653,上海,宝山,盘古路
2654,上海,宝山,申浦路
2655,上海,宝山,绥化路
2656,上海,宝山,年吉路
2657,上海,宝山,丰皓路
2658,上海,宝山,北安路
2659,上海,宝山,同济路
2660,上海,宝山,宝杨路
2661,上海,宝山,牡丹江路
2662,上海,宝山,月城路
2663,上海,宝山,宝绿路
2664,上海,宝山,长白山路
2665,上海,宝山,潘沪路
2666,上海,宝山,团结路
2667,上海,宝山,友谊支路
2668,上海,宝山,陈川路
2669,上海,宝山,塔源路
2670,上海,宝山,淞发路
2671,上海,宝山,杨桃路
2672,上海,宝山,美安路
2673,上海,宝山,长虹路
2674,上海,宝山,呼兰西路
2675,上海,宝山,富南路
2676,上海,宝山,海江路
2677,上海,宝山,爱辉路
2678,上海,宝山,宝山阳泉路
2679,上海,宝山,顾荻路
2680,上海,宝山,凇发路
2681,上海,宝山,密山路
2682,上海,宝山,顾新东路
2683,上海,宝山,月塘路
2684,上海,宝山,共江路
2685,上海,宝山,宝林路
2686,上海,宝山,共康东路
2687,上海,宝山,鹤林路
2688,上海,宝山,界华路
2689,上海,宝山,双庆路
2690,上海,宝山,月罗公路
2691,上海,宝山,宝东路
2692,上海,宝山,漠河路
2693,上海,宝山,南卫路
2694,上海,宝山,塘西街
2695,上海,宝山,罗南路
2696,上海,宝山,影园路
2697,上海,宝山,沪太支路
2698,上海,宝山,罗宁路
2699,上海,宝山,美平路
2700,上海,宝山,淞青路
2701,上海,宝山,东西巷街
2702,上海,宝山,永顺路
2703,上海,宝山,河街
2704,上海,宝山,一路
2705,上海,宝山,陈功路
2706,上海,宝山,呼玛路
2707,上海,宝山,淞滨路
2708,上海,宝山,东升路
2709,上海,宝山,海江二路
2710,上海,宝山,同泰路
2711,上海,宝山,同泰北路
2712,上海,宝山,高境路
2713,上海,宝山,环镇南路
2714,上海,宝山,二路
2715,上海,宝山,泗东路
2716,上海,宝山,布长街
2717,上海,宝山,石驳岸路
2718,上海,宝山,双城路
2719,上海,宝山,罗升路
2720,上海,宝山,鄂尔多斯路
2721,上海,宝山,大华三路
2722,上海,宝山,塘东街
2723,上海,宝山,淞桥东路
2724,上海,宝山,兆南路
2725,上海,宝山,罗溪路
2726,上海,宝山,盛桥路
2727,上海,宝山,美秀路
2728,上海,宝山,陈行街
2729,上海,宝山,湄浦路
2730,上海,宝山,金石路
2731,上海,宝山,雍和府
2732,上海,宝山,杨行 宝安公路
2733,上海,宝山,美安路二一五弄
2734,上海,宝山,萧云路
2735,上海,宝山,罗太路
2736,上海,宝山,罗和路
2737,上海,宝山,淞兴路
2738,上海,宝山,班溪路
2739,上海,宝山,东西巷
2740,上海,宝山,凇兴西路
2741,上海,宝山,同济支路
2742,上海,宝山,南长路
2743,上海,宝山,陈东路
2744,上海,宝山,月盛路
2745,上海,宝山,罗智路
2746,上海,宝山,罗贤路
2747,上海,宝山,竹艺路
2748,上海,宝山,罗贤苑
2749,上海,宝山,月辉路
2750,上海,宝山,美康路
2751,上海,宝山,依安路
2752,上海,闵行,顾戴路
2753,上海,闵行,梅陇一村
2754,上海,闵行,浦航路
2755,上海,闵行,兴梅路
2756,上海,闵行,中春路
2757,上海,闵行,春都路
2758,上海,闵行,罗阳路
2759,上海,闵行,珠城路
2760,上海,闵行,东兰路
2761,上海,闵行,宝南路
2762,上海,闵行,鹤庆路
2763,上海,闵行,青杉路
2764,上海,闵行,宝城路
2765,上海,闵行,南江燕路
2766,上海,闵行,吴宝路
2767,上海,闵行,古龙路
2768,上海,闵行,荣谊路
2769,上海,闵行,浦星公路
2770,上海,闵行,锦梅路
2771,上海,闵行,华宁路
2772,上海,闵行,富国路
2773,上海,闵行,颛兴东路
2774,上海,闵行,颛盛路
2775,上海,闵行,景谷中路
2776,上海,闵行,浦泉路
2777,上海,闵行,浦晓路
2778,上海,闵行,紫龙路
2779,上海,闵行,申郑路
2780,上海,闵行,银林路
2781,上海,闵行,闵城路
2782,上海,闵行,水清路
2783,上海,闵行,山花路
2784,上海,闵行,雅致路
2785,上海,闵行,景谷东路
2786,上海,闵行,罗锦路
2787,上海,闵行,安宁路
2788,上海,闵行,沁春路
2789,上海,闵行,联明路
2790,上海,闵行,联航路
2791,上海,闵行,伟业路
2792,上海,闵行,华林路
2793,上海,闵行,莘凌路
2794,上海,闵行,黎明路
2795,上海,闵行,浦驰路
2796,上海,闵行,谈中路
2797,上海,闵行,金阳路
2798,上海,闵行,景联路
2799,上海,闵行,高兴路
2800,上海,闵行,友情路
2801,上海,闵行,永德路
2802,上海,闵行,曹家塘路
2803,上海,闵行,永颂路
2804,上海,闵行,红松路
2805,上海,闵行,航中路
2806,上海,闵行,都会路
2807,上海,闵行,浦驰南路
2808,上海,闵行,金丰路
2809,上海,闵行,青年路
2810,上海,闵行,普洱路
2811,上海,闵行,鲁建路
2812,上海,闵行,富岩路
2813,上海,闵行,广南路
2814,上海,闵行,江航南路
2815,上海,闵行,双柏路
2816,上海,闵行,西新路
2817,上海,闵行,马桥西街
2818,上海,闵行,西街
2819,上海,闵行,永高路
2820,上海,闵行,浦锦路
2821,上海,闵行,北江榉路
2822,上海,闵行,富卓路
2823,上海,闵行,浦雪路
2824,上海,闵行,浦瑞路
2825,上海,闵行,开兴路
2826,上海,闵行,中沟路
2827,上海,闵行,金都路
2828,上海,闵行,富强街路
2829,上海,闵行,汇臻路
2830,上海,闵行,江桦路
2831,上海,闵行,茜昆路
2832,上海,闵行,虹泉路
2833,上海,闵行,浦江路
2834,上海,闵行,召楼路
2835,上海,闵行,虹秀路
2836,上海,闵行,西城一路
2837,上海,闵行,鹤坡路
2838,上海,闵行,石屏路
2839,上海,闵行,恒南路
2840,上海,闵行,普杰路
2841,上海,闵行,瓶安路
2842,上海,闵行,碧秀路
2843,上海,闵行,浦雪南路
2844,上海,闵行,星中路
2845,上海,闵行,繁安路
2846,上海,闵行,永平南路
2847,上海,闵行,华坪路
2848,上海,闵行,华友路
2849,上海,闵行,白樟路
2850,上海,闵行,放鹤路
2851,上海,闵行,永跃路
2852,上海,闵行,景福路
2853,上海,闵行,莘东路
2854,上海,闵行,陈行公路
2855,上海,闵行,春光路
2856,上海,闵行,红松东路
2857,上海,闵行,华茂路
2858,上海,闵行,纪翟路
2859,上海,闵行,老虹井路
2860,上海,闵行,尚义路
2861,上海,闵行,北沈路
2862,上海,闵行,博恒路
2863,上海,闵行,秀文路
2864,上海,闵行,北松路
2865,上海,闵行,元江路
2866,上海,闵行,江桃路
2867,上海,闵行,浦秀北路
2868,上海,闵行,金杰路
2869,上海,闵行,三鲁公路
2870,上海,闵行,莘路
2871,上海,闵行,幸乐路
2872,上海,闵行,鲁南路
2873,上海,闵行,永杰路
2874,上海,闵行,益文路
2875,上海,闵行,莘建支路
2876,上海,闵行,莘潭路
2877,上海,闵行,鹤坡南路
2878,上海,闵行,宝联路
2879,上海,闵行,莘南新村莘中路
2880,上海,闵行,莘南路
2881,上海,闵行,群英路
2882,上海,闵行,东华美路
2883,上海,闵行,敬南路
2884,上海,闵行,向阳路
2885,上海,闵行,曙光路
2886,上海,闵行,航新路
2887,上海,闵行,北江桐路
2888,上海,闵行,莘西路
2889,上海,闵行,建设路
2890,上海,闵行,华美西路
2891,上海,闵行,三达路
2892,上海,闵行,横泾东路
2893,上海,闵行,新骏环路
2894,上海,闵行,北桥新建路
2895,上海,闵行,申虹路
2896,上海,闵行,曹建路
2897,上海,闵行,兴虹路
2898,上海,闵行,泰虹路
2899,上海,闵行,申长路
2900,上海,闵行,闵行申虹路
2901,上海,闵行,新建路
2902,上海,闵行,西华美路
2903,上海,闵行,江龙路
2904,上海,闵行,莘建路
2905,上海,闵行,季乐路
2906,上海,闵行,谈家巷
2907,上海,闵行,陈南路
2908,上海,闵行,申滨南路
2909,上海,闵行,颛卫路
2910,上海,闵行,华美路
2911,上海,闵行,中华美路
2912,上海,闵行,磊滨路
2913,上海,闵行,闵虹路
2914,上海,闵行,叶家桥路
2915,上海,闵行,南北大街
2916,上海,闵行,古羊路
2917,上海,闵行,浦瑞南路
2918,上海,闵行,鲁宁路
2919,上海,闵行,和爱路
2920,上海,闵行,鲁陈路
2921,上海,闵行,民主路
2922,上海,闵行,马桥镇中街
2923,上海,闵行,南江桐路
2924,上海,闵行,莘北路
2925,上海,闵行,东新街
2926,上海,闵行,汇秋路
2927,上海,闵行,叶家桥东路
2928,上海,闵行,广通路
2929,上海,闵行,润虹路
2930,上海,闵行,苏虹路
2931,上海,闵行,绍虹路
2932,上海,闵行,航西路
2933,上海,闵行,北华路
2934,上海,闵行,平乐路
2935,上海,闵行,碧泉路
2936,上海,闵行,秀涟路
2937,上海,闵行,金雨路
2938,上海,闵行,业祥路
2939,上海,闵行,宁虹路
2940,上海,闵行,园文路
2941,上海,闵行,青衫路
2942,上海,闵行,春东路
2943,上海,闵行,姚虹东路
2944,上海,闵行,纪翟南路
2945,上海,闵行,诸新路
2946,上海,浦东,金杨路
2947,上海,浦东,瑞安路
2948,上海,浦东,康达路
2949,上海,浦东,周邓公路
2950,上海,浦东,栖霞路
2951,上海,浦东,广兰路
2952,上海,浦东,东绣路
2953,上海,浦东,益江路
2954,上海,浦东,昌里路
2955,上海,浦东,博山路
2956,上海,浦东,桃林路
2957,上海,浦东,藿香路
2958,上海,浦东,东靖路
2959,上海,浦东,齐河路
2960,上海,浦东,年家浜东路
2961,上海,浦东,环桥路
2962,上海,浦东,晨晖路
2963,上海,浦东,华绣路
2964,上海,浦东,海阳西路
2965,上海,浦东,锦安东路
2966,上海,浦东,东环龙路
2967,上海,浦东,东建路
2968,上海,浦东,牟平路
2969,上海,浦东,中科路
2970,上海,浦东,浦电
2971,上海,浦东,张东路
2972,上海,浦东,顾唐路
2973,上海,浦东,民耀路
2974,上海,浦东,益丰路
2975,上海,浦东,瑞浦路
2976,上海,浦东,盐大路
2977,上海,浦东,红枫路
2978,上海,浦东,百业路
2979,上海,浦东,荣科路
2980,上海,浦东,川和路
2981,上海,浦东,和融路
2982,上海,浦东,三彩路
2983,上海,浦东,东育路
2984,上海,浦东,周东路
2985,上海,浦东,海松路
2986,上海,浦东,云台路
2987,上海,浦东,云莲路
2988,上海,浦东,顺和路
2989,上海,浦东,五星路
2990,上海,浦东,瑞意路
2991,上海,浦东,俱进路
2992,上海,浦东,银霄路
2993,上海,浦东,梅花路
2994,上海,浦东,大道站路
2995,上海,浦东,宁阳路
2996,上海,浦东,华安路
2997,上海,浦东,晚霞路
2998,上海,浦东,张杨北路
2999,上海,浦东,川沙路
3000,上海,浦东,双桥路
3001,上海,浦东,海鸣路
3002,上海,浦东,黄杨路
3003,上海,浦东,和炯路
3004,上海,浦东,龙居路
3005,上海,浦东,孙农路
3006,上海,浦东,新环西路
3007,上海,浦东,海春路
3008,上海,浦东,海村路
3009,上海,浦东,东三里桥路
3010,上海,浦东,瑞阳路
3011,上海,浦东,唐港路
3012,上海,浦东,丽正路
3013,上海,浦东,白杨路
3014,上海,浦东,兰花路
3015,上海,浦东,民同路
3016,上海,浦东,沈梅东路
3017,上海,浦东,周园路
3018,上海,浦东,海顺路
3019,上海,浦东,崂山西路
3020,上海,浦东,妙栏路
3021,上海,浦东,庭安路
3022,上海,浦东,新浦路
3023,上海,浦东,汇友路
3024,上海,浦东,汇豪路
3025,上海,浦东,众安路
3026,上海,浦东,新环东路
3027,上海,浦东,汇盟路
3028,上海,浦东,仁义路
3029,上海,浦东,金台路
3030,上海,浦东,康士路
3031,上海,浦东,兰陵路
3032,上海,浦东,明月路
3033,上海,浦东,春泉路
3034,上海,浦东,华丰路
3035,上海,浦东,惠园路
3036,上海,浦东,迎薰路
3037,上海,浦东,雪野路
3038,上海,浦东,锦康路
3039,上海,浦东,东高路
3040,上海,浦东,周康路
3041,上海,浦东,华鹏路
3042,上海,浦东,鹏岳路
3043,上海,浦东,鹏飞路
3044,上海,浦东,莲中路
3045,上海,浦东,周星路
3046,上海,浦东,思浦路
3047,上海,浦东,川环西路
3048,上海,浦东,环林西路
3049,上海,浦东,金睦路
3050,上海,浦东,银峰路
3051,上海,浦东,玉兰路
3052,上海,浦东,霞光路
3053,上海,浦东,盛夏路
3054,上海,浦东,永宁路
3055,上海,浦东,南曹路
3056,上海,浦东,环龙路
3057,上海,浦东,沈家弄
3058,上海,浦东,金钻路
3059,上海,浦东,玉泉街
3060,上海,浦东,拱乐路
3061,上海,浦东,银樽路
3062,上海,浦东,观海路
3063,上海,浦东,龚华路
3064,上海,浦东,行德路
3065,上海,浦东,新行路
3066,上海,浦东,鹤韵路
3067,上海,浦东,申江南路
3068,上海,浦东,张家浜路
3069,上海,浦东,尚博路
3070,上海,浦东,季景北路
3071,上海,浦东,小园浜路
3072,上海,浦东,银融路
3073,上海,浦东,佳虹路
3074,上海,浦东,佳林路
3075,上海,浦东,南洋泾路
3076,上海,浦东,勤政路
3077,上海,浦东,金海路
3078,上海,浦东,亦园路
3079,上海,浦东,和龙路
3080,上海,浦东,新陈路
3081,上海,浦东,云雅路
3082,上海,浦东,锦绣东路
3083,上海,浦东,寿光路
3084,上海,浦东,唐兴路
3085,上海,浦东,清溪路
3086,上海,浦东,靖海路
3087,上海,浦东,池月路
3088,上海,浦东,新雅东路
3089,上海,浦东,莲安东路
3090,上海,浦东,海高新村海春路
3091,上海,浦东,华夏一路
3092,上海,浦东,川北公路
3093,上海,浦东,盛苑路
3094,上海,浦东,千汇路
3095,上海,浦东,民雪路
3096,上海,浦东,石皮路
3097,上海,浦东,环科路
3098,上海,浦东,海趣路
3099,上海,浦东,年家浜路
3100,上海,浦东,潮乐路
3101,上海,浦东,芦茂路
3102,上海,浦东,佳京路
3103,上海,浦东,行南路
3104,上海,浦东,运通路
3105,上海,浦东,金豫路
3106,上海,浦东,晨阳路
3107,上海,浦东,申波路
3108,上海,浦东,翔川路
3109,上海,浦东,南团公路
3110,上海,浦东,丰海路
3111,上海,浦东,宏雅路
3112,上海,浦东,民雨路
3113,上海,浦东,凉亭路
3114,上海,浦东,祝城路
3115,上海,浦东,广益路
3116,上海,浦东,北新园路
3117,上海,浦东,宣镇东路
3118,上海,浦东,祥安路
3119,上海,浦东,繁荣路
3120,上海,浦东,德爱路
3121,上海,浦东,宣中路
3122,上海,浦东,孙桥路
3123,上海,浦东,云汉路
3124,上海,浦东,海桐路
3125,上海,浦东,银城中路
3126,上海,浦东,沂南路
3127,上海,浦东,高攀路
3128,上海,浦东,金葵路
3129,上海,浦东,川六公路
3130,上海,浦东,归昌路
3131,上海,浦东,万德路
3132,上海,浦东,江环路
3133,上海,浦东,栏学路
3134,上海,浦东,康涵路
3135,上海,浦东,盛荣路
3136,上海,浦东,虹盛路
3137,上海,浦东,首善街
3138,上海,浦东,历城路
3139,上海,浦东,建中路
3140,上海,浦东,航头路
3141,上海,浦东,白萱路
3142,上海,浦东,佳乐路
3143,上海,浦东,前哨路
3144,上海,浦东,东煦路
3145,上海,浦东,高科中路
3146,上海,浦东,环镇东路
3147,上海,浦东,永宁东路
3148,上海,浦东,高木桥路
3149,上海,浦东,南芦公路
3150,上海,浦东,迎熏路
3151,上海,浦东,顺凌路
3152,上海,浦东,展凌路
3153,上海,浦东,高城路
3154,上海,浦东,古棕路
3155,上海,浦东,马樱丹路
3156,上海,浦东,繁荣东路
3157,上海,浦东,西泥路
3158,上海,浦东,北城壕路
3159,上海,浦东,东三街
3160,上海,浦东,瑞福路
3161,上海,浦东,通济路
3162,上海,浦东,康杉路
3163,上海,浦东,凌高路
3164,上海,浦东,庆利路
3165,上海,浦东,永达路
3166,上海,浦东,东亭路
3167,上海,浦东,三舒路
3168,上海,浦东,祝家港路
3169,上海,浦东,青鸟路
3170,上海,浦东,高科东路
3171,上海,浦东,林悦路
3172,上海,浦东,洋泾镇路
3173,上海,浦东,定水路
3174,上海,浦东,北洋泾路
3175,上海,浦东,航城七路
3176,上海,浦东,钱仓路
3177,上海,浦东,杭湾路
3178,上海,浦东,东昌路
3179,上海,浦东,拱泰路
3180,上海,浦东,光泽路
3181,上海,浦东,航城四路
3182,上海,浦东,荣成路
3183,上海,浦东,上丰路
3184,上海,浦东,渔港路
3185,上海,浦东,张江路
3186,上海,浦东,航鹤路
3187,上海,浦东,民风路
3188,上海,浦东,石家街
3189,上海,浦东,航城五路
3190,上海,浦东,芦云路
3191,上海,浦东,园二路
3192,上海,浦东,向城路
3193,上海,浦东,城基路
3194,上海,浦东,高东二路
3195,上海,浦东,青艺路
3196,上海,浦东,笋心路
3197,上海,浦东,育海路
3198,上海,浦东,塘南路
3199,上海,浦东,凌环路
3200,上海,浦东,民贤路
3201,上海,浦东,园洲路
3202,上海,浦东,城西路
3203,上海,浦东,港辉路
3204,上海,浦东,三三公路
3205,上海,浦东,通园路
3206,上海,浦东,紫竹路
3207,上海,浦东,塘桥路
3208,上海,浦东,南园路
3209,上海,浦东,柳杉路
3210,上海,浦东,花四路
3211,上海,浦东,美雅路
3212,上海,浦东,街
3213,上海,浦东,新跃路
3214,上海,浦东,康悦路
3215,上海,浦东,创业路
3216,上海,浦东,金港路
3217,上海,浦东,鹤驰路
3218,上海,浦东,新雅路
3219,上海,浦东,永春中路
3220,上海,浦东,欧高路
3221,上海,浦东,农场路
3222,上海,浦东,周园北路
3223,上海,浦东,普庆路
3224,上海,浦东,即墨路
3225,上海,浦东,人民西路
3226,上海,浦东,祖冲之路
3227,上海,浦东,卫星东路
3228,上海,浦东,连波路
3229,上海,浦东,江绣路
3230,上海,浦东,周东南路
3231,上海,浦东,瑞建路
3232,上海,浦东,小浜路
3233,上海,浦东,上川路
3234,上海,浦东,东沟路
3235,上海,浦东,施宏路
3236,上海,浦东,青平路
3237,上海,浦东,后长街
3238,上海,浦东,青夏路
3239,上海,浦东,西三里桥路
3240,上海,浦东,乔家浜路
3241,上海,浦东,新场路
3242,上海,浦东,三角街
3243,上海,浦东,东义路
3244,上海,浦东,三墩乡洪田路
3245,上海,浦东,江山路
3246,上海,浦东,川沙镇南桥路
3247,上海,浦东,夏栎路
3248,上海,浦东,周阳路
3249,上海,浦东,东川公路
3250,上海,浦东,横沔江路
3251,上海,浦东,江泉北路
3252,上海,浦东,永春北路
3253,上海,浦东,银柳路
3254,上海,浦东,加太路
3255,上海,浦东,港洪路
3256,上海,浦东,云端路
3257,上海,浦东,环庆南路
3258,上海,浦东,德川路
3259,上海,浦东,青厦路
3260,上海,浦东,华星路
3261,上海,浦东,军民路
3262,上海,浦东,凌空路
3263,上海,浦东,洪田路
3264,上海,浦东,益民路
3265,上海,浦东,金藏路路
3266,上海,浦东,西乐路
3267,上海,浦东,庆荣路
3268,上海,浦东,年家浜西路
3269,上海,浦东,长青路
3270,上海,浦东,东祝公路
3271,上海,浦东,城东路
3272,上海,浦东,果园路
3273,上海,浦东,上浜路
3274,上海,浦东,高桥镇大同路
3275,上海,浦东,学北路
3276,上海,浦东,靖海苑
3277,上海,浦东,云鹃路
3278,上海,浦东,老芦公路
3279,上海,浦东,吉灿路
3280,上海,浦东,杨莲路
3281,上海,浦东,拱极东路
3282,上海,浦东,川银路
3283,上海,浦东,原通园路
3284,上海,浦东,启帆路
3285,上海,浦东,听健路
3286,上海,浦东,向阳东路
3287,上海,浦东,绿晓路
3288,上海,浦东,申港大道
3289,上海,浦东,秋雨路
3290,上海,浦东,沿河泾南路
3291,上海,浦东,东门大街
3292,上海,浦东,大川公路
3293,上海,浦东,民民路
3294,上海,浦东,闵家浜路
3295,上海,浦东,高荷路
3296,上海,浦东,园一路
3297,上海,浦东,日京路
3298,上海,浦东,文体路
3299,上海,浦东,新灵路
3300,上海,浦东,沈梅路
3301,上海,浦东,三八路
3302,上海,浦东,思学路
3303,上海,浦东,航达路
3304,上海,浦东,乔港路
3305,上海,浦东,场路
3306,上海,浦东,环庆中路
3307,上海,浦东,新府西路
3308,上海,浦东,芦潮路
3309,上海,浦东,陆家嘴环路
3310,上海,浦东,富航路
3311,上海,浦东,惠南城基路
3312,上海,浦东,永春南路
3313,上海,浦东,卫星西路
3314,上海,浦东,歇浦路
3315,上海,浦东,金新路
3316,上海,浦东,南门大街
3317,上海,浦东,世纪大道
3318,上海,浦东,万和路
3319,上海,浦东,墩荣路
3320,上海,浦东,兰村路
3321,上海,浦东,崇溪路
3322,上海,浦东,拱优路
3323,上海,浦东,金哓路
3324,上海,浦东,金亭路
3325,上海,浦东,周祝公路
3326,上海,浦东,鹤洁路
3327,上海,浦东,环湖西三路
3328,上海,浦东,泰环路
3329,上海,浦东,中大街
3330,上海,浦东,航绣路
3331,上海,浦东,牌楼西路
3332,上海,浦东,三旋路
3333,上海,浦东,高行街西弄
3334,上海,浦东,听达路
3335,上海,浦东,工农南路
3336,上海,浦东,海容路
3337,上海,浦东,江明路
3338,上海,浦东,共青路
3339,上海,浦东,汇技路
3340,上海,浦东,黄楼芙蓉路
3341,上海,浦东,芙蓉路
3342,上海,浦东,南祝路
3343,上海,浦东,航瑞路
3344,上海,浦东,张扬路
3345,上海,浦东,文康路
3346,上海,浦东,赵高路
3347,上海,浦东,香兴路
3348,上海,浦东,航亭环路
3349,上海,浦东,东八灶
3350,上海,浦东,惠南黄家路
3351,上海,浦东,奉新路
3352,上海,浦东,东大公路
3353,上海,浦东,鸿音路
3354,上海,浦东,加枫路
3355,上海,浦东,杨辉路
3356,上海,浦东,林德路
3357,上海,浦东,解放路
3358,上海,浦东,永晖路
3359,上海,浦东,康乃馨路
3360,上海,浦东,鹤立西路
3361,上海,浦东,奥纳路
3362,上海,浦东,水洞港路
3363,上海,浦东,金京路
3364,上海,浦东,汇海路
3365,上海,浦东,航兴北路
3366,上海,浦东,叠桥路
3367,上海,浦东,秀浦路
3368,上海,浦东,东门路
3369,上海,浦东,水闸北路
3370,上海,浦东,老杨高路
3371,上海,浦东,关岳西路
3372,上海,浦东,听潮路
3373,上海,浦东,北门大街
3374,上海,浦东,建豪路
3375,上海,浦东,蔡路村包家宅
3376,上海,浦东,永定南路
3377,上海,浦东,基隆路
3378,上海,浦东,秀康路
3379,上海,浦东,宣城路
3380,上海,浦东,台中南路
3381,上海,浦东,农科路
3382,上海,浦东,金藏路
3383,上海,浦东,金沪路
3384,上海,浦东,六里桥南街
3385,上海,浦东,川黄路
3386,上海,浦东,四方路
3387,上海,浦东,浦东北路
3388,上海,浦东,泰谷路路
3389,上海,浦东,三新路
3390,上海,浦东,芦硕路
3391,上海,浦东,永建路
3392,上海,浦东,原佳林路
3393,上海,浦东,君御公馆
3394,上海,浦东,君领国际
3395,上海,浦东,邑滨江
3396,上海,浦东,云麓里
3397,上海,浦东,中建锦绣熙岸
3398,上海,浦东,棠人沣荟
3399,上海,浦东,康桥镇梓潼路
3400,上海,浦东,永春东路
3401,上海,浦东,芦潮港镇港辉路
3402,上海,浦东,鹿达路
3403,上海,浦东,六里二村
3404,上海,浦东,环湖西二路
3405,上海,浦东,赵高公路
3406,上海,浦东,富特北路
3407,上海,浦东,秀沈路
3408,上海,浦东,南三支路
3409,上海,浦东,汇华路
3410,上海,浦东,溪平路
3411,上海,浦东,卫亭路
3412,上海,浦东,港怡路
3413,上海,浦东,广丹路
3414,上海,浦东,荣川路
3415,上海,浦东,翠柏路
3416,上海,浦东,慈善街
3417,上海,浦东,西河浜路
3418,上海,浦东,三灶路
3419,上海,浦东,南镜湖路
3420,上海,浦东,永晨路
3421,上海,浦东,永旺路
3422,上海,浦东,永爱路
3423,上海,浦东,金皖路
3424,上海,浦东,乐丰路
3425,上海,浦东,忘忧路
3426,上海,浦东,马吉路
3427,上海,浦东,陆家嘴东路
3428,上海,浦东,鑫盛路
3429,上海,浦东,古桐南路
3430,上海,浦东,东塘路
3431,上海,浦东,方竹路
3432,上海,浦东,东三街路
3433,上海,浦东,康花路
3434,上海,浦东,江耀路
3435,上海,浦东,希雅路
3436,上海,浦东,汇腾路
3437,上海,浦东,永春西一路
3438,上海,浦东,义王路
3439,上海,浦东,坦直路
3440,上海,浦东,祥跃路
3441,上海,浦东,伽利略路
3442,上海,浦东,长柳路
3443,上海,浦东,迎春街
3444,上海,浦东,张衡路
3445,上海,浦东,东城壕路
3446,上海,浦东,华京路
3447,上海,浦东,宣桥镇汇技路
3448,上海,浦东,卫星中路
3449,上海,浦东,向阳西路
3450,上海,浦东,海燕路
3451,上海,浦东,乐城路
3452,上海,浦东,芦潮港路
3453,上海,浦东,物流大道
3454,上海,浦东,唐丰路
3455,上海,浦东,王桥街
3456,上海,浦东,惠东路
3457,上海,浦东,绣川路
3458,上海,浦东,文师街
3459,上海,浦东,文友街
3460,上海,浦东,振兴东路
3461,上海,浦东,虹盛东路
3462,上海,浦东,沂林路
3463,上海,浦东,王桥路
3464,上海,浦东,金东路
3465,上海,浦东,碧波路
3466,上海,浦东,御云路
3467,上海,浦东,川图路
3468,上海,浦东,航春路
3469,上海,浦东,兴城路
3470,上海,浦东,英雄路
3471,上海,浦东,新场大街
3472,上海,浦东,听谐路
3473,上海,浦东,严木桥路
3474,上海,浦东,高博路
3475,上海,浦东,陈春路
3476,上海,浦东,渔港路宝龙世家
3477,上海,浦东,高荷路 
3478,上海,浦东,祝桥镇秋亭路
3479,上海,浦东,锦尊路
3480,上海,闵行,鹤坡路谈家巷
3481,上海,闵行,汇舒路
3482,上海,闵行,西园路
3483,上海,闵行,古方路
3484,上海,闵行,莘西环路
3485,上海,闵行,南江洲路
3486,上海,闵行,甬虹路
3487,上海,闵行,通海路
3488,上海,闵行,新西街
3489,上海,闵行,颛建路
3490,上海,闵行,盘阳路
3491,上海,闵行,北吴路
3492,上海,闵行,永平路
3493,上海,闵行,南街
3494,上海,闵行,纪高路
3495,上海,闵行,银秋路
3496,上海,闵行,鹤翔路
3497,上海,宝山,联丰路
3498,上海,宝山,爱晖路
3499,上海,宝山,石太路
3500,上海,宝山,联牧路
3501,上海,宝山,富联二路
3502,上海,徐汇,龙启路
3503,上海,徐汇,长华路
3504,上海,徐汇,番禹路
3505,上海,普陀,祁顺路
3506,上海,普陀,万航渡路后路
3507,上海,杨浦,沙岗路
3508,上海,杨浦,国庠路
3509,上海,杨浦,鞍山七村铁岭路
3510,上海,杨浦,汾州路
3511,上海,杨浦,政学路
3512,上海,杨浦,贵阳路
3513,上海,杨浦,碧云路龙江路
3514,上海,杨浦,鞍山支路
3515,上海,长宁,金轮路
3516,上海,长宁,金珠路
3517,上海,松江,平原路
3518,上海,松江,唐明路
3519,上海,松江,蒲汇路
3520,上海,松江,鼎源路
3521,上海,松江,邱家湾
3522,上海,松江,小塔前
3523,上海,松江,松金公路
3524,上海,松江,影视路
3525,上海,松江,富永路
3526,上海,松江,龙金路
3527,上海,松江,陶行弄
3528,上海,松江,开江中路
3529,上海,松江,玉阳路
3530,上海,松江,文化路
3531,上海,松江,塘浚路
3532,上海,松江,华莹山路
3533,上海,松江,道悦路
3534,上海,松江,登云路
3535,上海,松江,苗盛路
3536,上海,松江,西陶行弄
3537,上海,嘉定,沪华中路
3538,上海,嘉定,翔江公路
3539,上海,嘉定,胜辛北路
3540,上海,嘉定,联西路
3541,上海,嘉定,博乐南路
3542,上海,嘉定,塔秀路
3543,上海,嘉定,树屏东路
3544,上海,嘉定,娄塘路
3545,上海,嘉定,西大街
3546,上海,嘉定,澄浏公路
3547,上海,嘉定,翔方公路
3548,上海,嘉定,安拓路
3549,上海,黄浦,黄陂北路
3550,上海,黄浦,武胜路
3551,上海,黄浦,凝和路
3552,上海,黄浦,张家弄
3553,上海,黄浦,乔家栅路
3554,上海,黄浦,宁安路
3555,上海,黄浦,中山东一路
3556,上海,静安,恒通路
3557,上海,静安,运城路
3558,上海,静安,秣陵路
3559,上海,虹口,大连新村
3560,上海,虹口,汉阳路
3561,上海,虹口,韶嘉路
3562,上海,虹口,舟山路
3563,上海,青浦,徐南路
3564,上海,青浦,练西路
3565,上海,青浦,青公路
3566,上海,青浦,大街
3567,上海,青浦,赵巷镇赵巷路
3568,上海,青浦,章浜路
3569,上海,青浦,锦商公路
3570,上海,青浦,车站路
3571,上海,青浦,前云路
3572,上海,青浦,康园路
3573,上海,青浦,康业路
3574,上海,青浦,城中南路
3575,上海,青浦,北胜浜街
3576,上海,青浦,纪鹤公路
3577,上海,青浦,双浜路
3578,上海,青浦,东风街
3579,上海,青浦,东井街
3580,上海,青浦,华富街
3581,上海,青浦,邱家港路
3582,上海,青浦,光联村
3583,上海,青浦,徐泾东路
3584,上海,奉贤,南桥环城东路
3585,上海,奉贤,城大路
3586,上海,奉贤,体育场路后门
3587,上海,奉贤,南桥体育场路
3588,上海,奉贤,四新南街
3589,上海,奉贤,望园路
3590,上海,奉贤,褚聚路
3591,上海,奉贤,秀龙路
3592,上海,奉贤,港坤路
3593,上海,奉贤,红旗弄
3594,上海,奉贤,红旗弄
3595,上海,奉贤,奉城东街
3596,上海,奉贤,航南路
3597,上海,奉贤,新北路
3598,上海,奉贤,振贤路
3599,上海,奉贤,海思路
3600,上海,奉贤,解放中路后门
3601,上海,奉贤,平港路
3602,上海,奉贤,新建中路后门
3603,上海,奉贤,一新路
3604,上海,奉贤,瞭海路
3605,上海,奉贤,钦林南路
3606,上海,奉贤,庄北村油车弄
3607,上海,奉贤,华宛路
3608,上海,奉贤,南桥人民南路
3609,上海,奉贤,燎钦公路
3610,上海,金山,田欢路
3611,上海,金山,金张公路
3612,上海,金山,红光路
3613,上海,金山,林吉路
3614,上海,金山,建元路
3615,上海,金山,施三路
3616,上海,金山,富漕路
3617,上海,金山,九工路
3618,上海,金山,建圩路
3619,上海,金山,致富路
3620,上海,金山,新宾路
3621,上海,金山,贸易南路
3622,上海,金山,东平南路
3623,上海,金山,桃贤路
3624,上海,金山,恒顺南路
3625,上海,金山,新建西街
3626,上海,金山,林珍路
3627,上海,金山,兴福利路
3628,上海,金山,金展路
3629,上海,金山,东园街
3630,上海,崇明,新河镇西河沿路
3631,上海,崇明,陈仓门弄
3632,上海,崇明,凤蓉路
3633,上海,崇明,新海北路
3634,上海,崇明,响椿路
3635,上海,崇明,育麟桥路
3636,上海,崇明,中街山路
3637,上海,崇明,港东公路
3638,上海,崇明,体育路
3639,上海,崇明,陈彷公路
3640,上海,崇明,六二路
3641,上海,崇明,生产弄
3642,上海,崇明,江帆路
3643,上海,崇明,安寿路
3644,上海,崇明,蟠龙公路
3645,上海,崇明,安润路
3646,上海,崇明,平悦路
