road_name,行政区域
闸殷路,杨浦
机场东路,杨浦
浚浦局路,杨浦
中原路,杨浦
殷行路,杨浦
白城路,杨浦
开鲁路,杨浦
包头路,杨浦
世界路,杨浦
市光路,杨浦
民京路,杨浦
民庆路,杨浦
国和路,杨浦
嫩江路,杨浦
市兴路,杨浦
民壮路,杨浦
恒仁路,杨浦
民府路,杨浦
清源环路,杨浦
民星路,杨浦
政治路,杨浦
长海路,杨浦
政府路,杨浦
国栋路,杨浦
政德东路,杨浦
政立路,杨浦
黑山路,杨浦
翔殷路,杨浦
政衷路,杨浦
翔殷支路,杨浦
包头南路,杨浦
淞沪路,杨浦
政通路,杨浦
虬江码头路,杨浦
安波路,杨浦
沙岗路,杨浦
国济路,杨浦
营口路,杨浦
政民路,杨浦
国定路,杨浦
政旦东路,杨浦
国庠路,杨浦
国顺东路,杨浦
邯郸路,杨浦
黄兴路,杨浦
国达路,杨浦
政肃路,杨浦
国福路,杨浦
政修路,杨浦
国顺路,杨浦
国年路,杨浦
政法路,杨浦
国权路,杨浦
佳木斯路,杨浦
政化路,杨浦
政熙路,杨浦
安图路,杨浦
双阳路,杨浦
图们路,杨浦
靖宇东路,杨浦
敦化路,杨浦
政本路,杨浦
延吉东路,杨浦
控江路,杨浦
长白路,杨浦
靖宇中路,杨浦
永吉路,杨浦
水丰路,杨浦
国康路,杨浦
延吉中路,杨浦
新宾路,杨浦
隆昌路,杨浦
抚顺路,杨浦
长岭路,杨浦
靖宇南路,杨浦
彰武路,杨浦
舒兰路,杨浦
延吉西路,杨浦
阜新路,杨浦
铁岭路,杨浦
鞍山支路,杨浦
鞍山路,杨浦
江浦路,杨浦
爱国路,杨浦
凤城路,杨浦
辽源东路,杨浦
内江路,杨浦
本溪路,杨浦
苏家屯路,杨浦
黎平路,杨浦
锦西路,杨浦
河间路,杨浦
定海港路,杨浦
定海路,杨浦
贵阳路,杨浦
波阳路,杨浦
打虎山路,杨浦
双阳支路,杨浦
腾越路,杨浦
凉州路,杨浦
宁武路,杨浦
双辽路,杨浦
海州路,杨浦
许昌路,杨浦
双辽支路,杨浦
龙口路,杨浦
临青路,杨浦
眉州支路,杨浦
眉州路,杨浦
茭白园路,杨浦
辽源西路,杨浦
杭州路,杨浦
齐齐哈尔路,杨浦
宁国路,杨浦
怀德路,杨浦
渭南路,杨浦
锦州路,杨浦
兰州路,杨浦
平定路,杨浦
周家牌路,杨浦
吴家浜路,杨浦
济宁路,杨浦
辽阳路,杨浦
沈阳路,杨浦
吉林路,杨浦
松潘路,杨浦
荆州路,杨浦
广德路,杨浦
扬州路,杨浦
汾州路,杨浦
盐山路,杨浦
宁国南路,杨浦
丹阳路,杨浦
广州路,杨浦
景星路,杨浦
福禄街,杨浦
福宁路,杨浦
西宁线,杨浦
国京路,杨浦
关山路,杨浦
民治路,杨浦
春江路,杨浦
海城路,杨浦
机场中路,杨浦
机场南一路,杨浦
机场南路,杨浦
政益路,杨浦
海安路,杨浦
内江支路,杨浦
九潭路,杨浦
丹东路,杨浦
国光路,杨浦
武川路,杨浦
武东路,杨浦
安民路,杨浦
新市北路,虹口
凉城路,虹口
丰镇路,虹口
水电路,虹口
华严路,虹口
广粤路,虹口
韶嘉路,虹口
新市南路,虹口
车站西路,虹口
车站北路,虹口
车站南路,虹口
汶水东路,虹口
辉河路,虹口
运光路,虹口
曲阳路,虹口
伊敏河路,虹口
巴林路,虹口
东体育会路,虹口
甘河路,虹口
广灵四路,虹口
广灵二路,虹口
广灵一路,虹口
玉田路,虹口
玉田支路,虹口
株洲路,虹口
西江湾路,虹口
西体育会路,虹口
东江湾路,虹口
天宝西路,虹口
天宝路,虹口
颜家洼路,虹口
同心路,虹口
欧阳路,虹口
蒋家桥路,虹口
祥德路,虹口
新港路,虹口
东沙虹港路,虹口
四达路,虹口
恒业路,虹口
瑞虹路,虹口
天镇路,虹口
西横浜路,虹口
虹镇老街,虹口
吉祥路,虹口
黄渡路,虹口
山阴路,虹口
宝安路,虹口
三河路,虹口
虹关路,虹口
泾东路,虹口
张桥路,虹口
沙虹路,虹口
横浜路,虹口
甜爱路,虹口
张家巷路,虹口
天德路,虹口
临平北路,虹口
华昌路,虹口
飞虹支路,虹口
临平路,虹口
溧阳路,虹口
多伦路,虹口
银欣路,虹口
物华路,虹口
东横浜路,虹口
岳州路,虹口
香烟桥路,虹口
长春路,虹口
长春支路,虹口
安国路,虹口
东余杭路,虹口
保定路,虹口
邢家桥北路,虹口
天水路,虹口
舟山路,虹口
沙泾港路,虹口
胡家木桥路,虹口
海伦西路,虹口
公平路,虹口
海伦路,虹口
海拉尔路,虹口
通州路,虹口
同嘉路,虹口
海门路,虹口
梧州路,虹口
新嘉路,虹口
高阳路,虹口
哈尔滨路,虹口
嘉兴路,虹口
辽宁路,虹口
衡水路,虹口
邢家桥南路,虹口
厚德路,虹口
拓皋路,虹口
沙泾路,虹口
临潼路,虹口
川公路,虹口
九龙路,虹口
吴淞路,虹口
金田路,虹口
丹徒路,虹口
虬江支路,虹口
鸭绿江路,虹口
东长治路,虹口
武进路,虹口
商丘路,虹口
龚家宅路,虹口
东汉阳路,虹口
东大名路,虹口
余杭路,虹口
中州路,虹口
罗浮路,虹口
西安路,虹口
东新民路,虹口
汉阳路,虹口
永定路,虹口
峨眉路,虹口
昆山路,虹口
乍浦路,虹口
百官街,虹口
马厂路,虹口
秦皇岛路,虹口
旅顺路,虹口
醴陵路,虹口
昆山花园路,虹口
南浔路,虹口
长治路,虹口
江西北路,虹口
武昌路,虹口
闵行路,虹口
大名路,虹口
黄浦路,虹口
南崇明路,虹口
安汾路,虹口
扬逸路,虹口
池沟路,虹口
沽源路,虹口
公安街,虹口
文迁路,虹口
保宁路,虹口
斗台街,虹口
广联路,虹口
青浦路,虹口
崇明路,虹口
崇明支路,虹口
南天潼路,虹口
彭泽路,虹口
安庆东路,虹口
茂林路,虹口
鲁关路,虹口
北海宁路,虹口
海南路,虹口
藏东路,虹口
贯中路,虹口
广粤支路,虹口
福德路,虹口
金山路,虹口
景凤路,闸北
保德路,闸北
平顺路,闸北
汾西路,闸北
安业路,闸北
临汾路,闸北
曲沃路,闸北
闻喜路,闸北
江场路,闸北
交城路,闸北
原平路,闸北
高平路,闸北
粤秀路,闸北
万荣路,闸北
永和路,闸北
永和支路,闸北
彭江路,闸北
广延路,闸北
大宁路,闸北
运城路,闸北
民晏路,闸北
平型关路,闸北
延长路,闸北
广中西路,闸北
洛川东路,闸北
老沪太路,闸北
彭浦路,闸北
延长中路,闸北
民和路,闸北
普善路,闸北
和田路,闸北
俞泾港路,闸北
洛川中路,闸北
陈家宅路,闸北
止园路,闸北
芷江中路,闸北
宝昌路,闸北
通阁路,闸北
中兴路,闸北
陆丰路,闸北
芷江西路,闸北
大统路,闸北
鸿兴路,闸北
南山路,闸北
公兴路,闸北
毛家弄,闸北
临山路,闸北
普善横路,闸北
永兴路,闸北
恒丰北路,闸北
会文路,闸北
育婴堂路,闸北
永兴支路,闸北
永兴小马路,闸北
民德路,闸北
孔家木桥路,闸北
王家宅路,闸北
天目东路,闸北
沈家宅路,闸北
太阳山路,闸北
京江路,闸北
京江支路,闸北
安庆路,闸北
山西北路,闸北
新路,闸北
天目中路,闸北
徐家宅路,闸北
浙江北路,闸北
康乐路,闸北
秣陵路,闸北
华兴路,闸北
民立路,闸北
梅园路,闸北
天目西路,闸北
福建北路,闸北
长安路,闸北
热河路,闸北
甘肃路,闸北
晋元路,闸北
共和路,闸北
国庆路,闸北
华盛路,闸北
长安西路,闸北
光复路,闸北
新民支路,闸北
新疆路,闸北
恒通路,闸北
汉中路,闸北
华康路,闸北
开封路,闸北
蒙古路,闸北
裕通路,闸北
曲阜路,闸北
海昌路,闸北
文安路,闸北
普济路,闸北
曲阜西路,闸北
江场西路,闸北
江场一路,闸北
万荣一路,闸北
万荣二路,闸北
谈家桥路,闸北
寿阳路,闸北
泰和路,宝山
淞兴路,宝山
淞滨路,宝山
同济路,宝山
淞桥东路,宝山
淞浦路,宝山
安达路,宝山
鹤岗路,宝山
钢三路,宝山
蕴藻南路,宝山
长江路,宝山
联谊路,宝山
呼兰路,宝山
联泰路,宝山
泰联路,宝山
长江南路,宝山
爱辉路,宝山
淞发路,宝山
淞南路,宝山
淞良路,宝山
联牧路,宝山
通河路,宝山
卫生科路,宝山
淞肇路,宝山
顾太路,宝山
长江西路,宝山
呼玛路,宝山
纪蕴路,宝山
联杨路,宝山
长逸路,宝山
虎林路,宝山
通南路,宝山
南藻路,宝山
南蕴藻路,宝山
塘祁路,宝山
场北路,宝山
共江路,宝山
顾陈路,宝山
新二路,宝山
何家湾路,宝山
刘场路,宝山
纬中路,宝山
共康东路,宝山
锦秋路,宝山
共康路,宝山
殷高路,宝山
殷高西路,宝山
高境路,宝山
河曲路,宝山
云西路,宝山
青石路,宝山
聚丰园路,宝山
上大路,宝山
南陈路,宝山
环镇北路,宝山
场联路,宝山
守仁桥街,宝山
大场东街,宝山
大场西街,宝山
场南路,宝山
大华路,宝山
行知路,宝山
新沪路,宝山
华灵西路,宝山
华灵路,宝山
怡华苑路,宝山
南华苑路,宝山
大华一路,宝山
香泉路,宝山
淞兴西路,宝山
淞滨支路,宝山
乾溪路,宝山
杨泰路,宝山
富长路,宝山
江杨北路,宝山
佳龙路,宝山
潘泾路,宝山
新川沙路,宝山
集宁路,宝山
潘川路,宝山
北蕴川路,宝山
富长北路,宝山
石港路,宝山
煤电路,宝山
蕴川路,宝山
石太路,宝山
经二路,宝山
焦九路,宝山
罗北路,宝山
盛石路,宝山
钱陆路,宝山
化十一路,宝山
古莲路,宝山
鹤林新路,宝山
练祁西路,宝山
化九路,宝山
化七路,宝山
纬一路,宝山
月川路,宝山
经二延路,宝山
罗溪路,宝山
经三路,宝山
经三延路,宝山
经四路,宝山
罗东路,宝山
长樱路,宝山
联水路,宝山
罗盛路,宝山
集贤路,宝山
纬二路,宝山
钢十七路,宝山
毛介路,宝山
罗太路,宝山
纬五路,宝山
经五路,宝山
罗新路,宝山
月罗公路,宝山
川巷路,宝山
月巷路,宝山
祁北东路,宝山
祁北路,宝山
无二路,宝山
经五支路,宝山
无三路,宝山
德都路,宝山
北安路,宝山
龙镇路,宝山
无一路,宝山
月新南路,宝山
纬二东路,宝山
无八路,宝山
市一路,宝山
无四路,宝山
塘西街,宝山
富锦路,宝山
四元路,宝山
罗宝路,宝山
月宝路,宝山
宝泉路,宝山
牡丹江路,宝山
友谊支路,宝山
盘古路,宝山
漠河路,宝山
东门街,宝山
东林路,宝山
石皮街,宝山
团结路,宝山
县佑街,宝山
西门街,宝山
铁力路,宝山
湄浦路,宝山
克山路,宝山
密山东路,宝山
樟岭路,宝山
月春路,宝山
密山路,宝山
宝林路,宝山
宝杨路,宝山
北翼商业街,宝山
淞宝路,宝山
海江路,宝山
宝东路,宝山
碧水路,宝山
永清路,宝山
杨宗路,宝山
双城路,宝山
富张路,宝山
水产路,宝山
塘后支路,宝山
塘后路,宝山
富杨路,宝山
东太路,宝山
南东路,宝山
民康路,宝山
同泰北路,宝山
青岗路,宝山
同济支路,宝山
江济路,宝山
长联路,宝山
湄星路,宝山
铁峰路,宝山
铁山路,宝山
南汀路,宝山
潘广路,宝山
杨鑫路,宝山
富联路,宝山
菊泉路,宝山
菊太路,宝山
顾北路,宝山
电台路,宝山
陆翔路,宝山
泰和西路,宝山
电台南路,宝山
陈富路,宝山
广陈公路,宝山
工业路,宝山
陈银路,宝山
山连路,宝山
国新路,宝山
宝祁路,宝山
少年村路,宝山
同泰路,宝山
共富路,宝山
铁城路,宝山
泗东路,宝山
环北大道(A20),宝山
外环隧道(A20),宝山
富民沙路,宝山
永富路,宝山
渔场路,宝山
东滨路,宝山
丰乐公路,宝山
新盟路,宝山
民惠路,宝山
西兴路,宝山
民东路,宝山
东江路,宝山
新联路,宝山
前卫支路,宝山
潘园公路,宝山
石沙路,宝山
百乐路,宝山
创建路,宝山
凤凰公路,宝山
凤西路,宝山
潘石路,宝山
小洪桥路,宝山
长征路,宝山
新兴支路,宝山
跃园路,宝山
仁建路,宝山
丰福路,宝山
合作路,宝山
陈家楼北路,嘉定
陈家楼南路,嘉定
丰庄路,嘉定
丰庄北路,嘉定
丰庄西路,嘉定
丰华路,嘉定
新候路,嘉定
新郁路,嘉定
双河路,嘉定
澄浏公路,嘉定
霜竹公路,嘉定
联武双路,嘉定
唐华公路,嘉定
华旺路,嘉定
前曹公路,嘉定
嘉行公路,嘉定
草庵公路,嘉定
唐窑路,嘉定
枉塘公路,嘉定
沪华中路,嘉定
高石公路,嘉定
徐星路,嘉定
沪联路,嘉定
娄陆公路,嘉定
潘安公路,嘉定
嘉唐公路,嘉定
高庙路,嘉定
嘉朱公路,嘉定
施曹公路,嘉定
曹新路,嘉定
劳动路,嘉定
虹桥公路,嘉定
施钱路,嘉定
伏弃路,嘉定
红星公路,嘉定
和桥路,嘉定
娄朱公路,嘉定
北西路,嘉定
新建一路,嘉定
永新路,嘉定
战斗公路,嘉定
徐浦路,嘉定
北和公路,嘉定
旺泾公路,嘉定
朱潘路,嘉定
胜竹路,嘉定
棋盘路,嘉定
平城路,嘉定
永靖路,嘉定
昌兴路,嘉定
皇庆街,嘉定
金沙路,嘉定
朱旱路,嘉定
嘉罗公路,嘉定
温宿路,嘉定
塔城东路,嘉定
城北路,嘉定
启良路,嘉定
博乐路,嘉定
迎园路,嘉定
塔城路,嘉定
宝钱公路,嘉定
沪宜公路,嘉定
清河路,嘉定
梅园路(嘉定),嘉定
迎园北路,嘉定
迎园西路,嘉定
城中街,嘉定
迎园中路,嘉定
迎园南路,嘉定
西官路,嘉定
人民街,嘉定
浏翔公路,嘉定
仓场路,嘉定
浏石路,嘉定
沙霞路,嘉定
嘉戬公路,嘉定
墅沟路,嘉定
大治公路,嘉定
大治路,嘉定
戬南路,嘉定
嘉丰路,嘉定
复华路,嘉定
富蕴路,嘉定
兴平路,嘉定
庆阳路,嘉定
群裕路,嘉定
叶城路,嘉定
嘉新路,嘉定
胜辛路,嘉定
裕民路,嘉定
横仓公路,嘉定
大碾公路,嘉定
福海路,嘉定
申霞路,嘉定
永盛路,嘉定
外钱公路,嘉定
民乐路,嘉定
良舍路,嘉定
招贤路,嘉定
回城南路,嘉定
冈峰公路,嘉定
钱蓬公路,嘉定
霍城路,嘉定
胜辛公路,嘉定
回城西路,嘉定
高杨公路,嘉定
彭封公路,嘉定
望安公路,嘉定
嘉翔公路,嘉定
沈石路,嘉定
百安公路,嘉定
周泾公路,嘉定
沤恩路,嘉定
方漳路,嘉定
安仙路,嘉定
前杨路,嘉定
富漳路,嘉定
章翔路,嘉定
思前路,嘉定
墨玉北路,嘉定
陈翔路,嘉定
于塘路,嘉定
宝翔路,嘉定
翔方公路,嘉定
墨玉路,嘉定
民丰路,嘉定
先锋路,嘉定
和静路,嘉定
塔山路,嘉定
洛浦路,嘉定
德园路,嘉定
丰北路,嘉定
米泉路,嘉定
于田路,嘉定
阜康东路,嘉定
新源路,嘉定
虹光路,嘉定
裕丰路,嘉定
古猗园路,嘉定
昌吉路,嘉定
德华路,嘉定
民主东街,嘉定
解放街,嘉定
泽普路,嘉定
民主街,嘉定
新翔黄公路,嘉定
南安路,嘉定
墨玉南路,嘉定
星塔路,嘉定
绿环路,嘉定
米泉南路,嘉定
火车站路,嘉定
扬子路,嘉定
高泉路,嘉定
星华公路,嘉定
翔黄公路,嘉定
翔华路,嘉定
华江支路,嘉定
虞姬墩路,嘉定
江桥路,嘉定
日永路,嘉定
发祥路,嘉定
爱特路,嘉定
嘉浏高速(A12),嘉定
鹤祥路,青浦
鹤如路,青浦
赵青公路,青浦
白石公路,青浦
华潮街,青浦
华美街,青浦
华新街,青浦
华民街,青浦
新苗路,青浦
华富街,青浦
新益路,青浦
黄方公路,青浦
华强街,青浦
华福街,青浦
陈章路,青浦
重安路,青浦
华徐公路,青浦
纪章路,青浦
大盈支路,青浦
凤溪路,青浦
嘉松中路,青浦
凤中路,青浦
凤育路,青浦
凤星路,青浦
三星街,青浦
重固支路,青浦
苏虹公路,青浦
向阳河路,青浦
普光路,青浦
莲花桥中路,青浦
华青路,青浦
池泾浜路,青浦
香花水厂路,青浦
徐香路,青浦
徐凤公路,青浦
香花桥南路,青浦
香花桥东路,青浦
京华路,青浦
徐民路,青浦
谢卫路,青浦
明珠路,青浦
徐泾中路,青浦
赵重公路,青浦
致富路,青浦
振泾路,青浦
华纺路,青浦
盈港路,青浦
华盈路,青浦
城中北路,青浦
华民路,青浦
青安路,青浦
万寿路,青浦
万寿二路,青浦
浦仓路,青浦
浦安路,青浦
盈福路,青浦
淀湖路,青浦
万寿一路,青浦
华科路,青浦
界泾港路,青浦
沙埭浜路,青浦
芦沈路,青浦
老沪青平路,青浦
镇中路,青浦
界村路,青浦
新海路,青浦
海盈路,青浦
赵华路,青浦
赵巷路,青浦
华浦南路,青浦
庆华路,青浦
青舟路,青浦
华青南路,青浦
盈中西路,青浦
赵中路,青浦
盈朱路,青浦
聚星街,青浦
庙前街,青浦
赵兴路,青浦
欧洲街,青浦
青龙路,青浦
保安路,青浦
支家弄,青浦
城中西路,青浦
城中东路,青浦
青松路,青浦
青湖路,青浦
青峰路,青浦
西护弄,青浦
五库浜路,青浦
码头街,青浦
城中南路,青浦
宝庆街,青浦
章浜路,青浦
南门街,青浦
老青朱路,青浦
金云路,青浦
方南路,青浦
锦商公路,青浦
商周公路,青浦
商蔡路,青浦
环湖路,青浦
朱家角支路,青浦
东井街,青浦
新风路,青浦
新溪路,青浦
祥凝浜路,青浦
漕平支路,青浦
油车浜路,青浦
漕平路,青浦
美园弄,青浦
人和路,青浦
练西支路,青浦
金商公路,青浦
天淀路,青浦
连西公路,青浦
莲金支路,青浦
莲盛路,青浦
老朱枫路,青浦
莲金路,青浦
任屯支线,青浦
太浦河路,青浦
环练西路,青浦
练中路,青浦
环练东路,青浦
朱枫连接路,青浦
练化路,青浦
练新路,青浦
练西路,青浦
东塘港路,青浦
蒸淀支路,青浦
东叙路,青浦
蒸俞路,青浦
蒸浦路,青浦
九港路,青浦
浦新路,青浦
九杜路,松江
九徐公路,松江
九亭公路,松江
赵天昆公路,松江
佘北公路,松江
兴业路(松江),松江
泗陈公路,松江
方泗路,松江
泗凤公路,松江
开江路,松江
佘北支路,松江
姚北路,松江
九新公路,松江
张施公路,松江
张泾路,松江
凤古路,松江
前村路,松江
洞新公路,松江
千新公路,松江
佘天昆公路,松江
洞莘路,松江
洞姚公路,松江
同盛路,松江
陈春公路,松江
松辰公路,松江
中环路,松江
北环路,松江
天鸡路,松江
天南路,松江
新北街,松江
卖新公路,松江
新公路,松江
大街,松江
天沈公路,松江
园林西路,松江
天西路,松江
园林中路,松江
新辰路,松江
三新路,松江
新庙三路,松江
车新公路,松江
梅家浜路,松江
江颛公路,松江
新高公路,松江
永丰路,松江
南环路,松江
打铁浜路,松江
昆港公路,松江
清河街,松江
茸昌路,松江
面丈港路,松江
昆泖路,松江
松东路,松江
茸梅路,松江
繁华路,松江
光星路,松江
美能达路,松江
洞泾路,松江
方塔北路,松江
南其昌路,松江
龙兴路,松江
谷阳北路,松江
俞塘路,松江
西林北路,松江
荣乐东路,松江
容乐东路,松江
荣乐中路,松江
九峰路,松江
荣乐西路,松江
玉树路,松江
东田路,松江
袜子弄,松江
乐都路,松江
人民北路,松江
中山二路,松江
景德路,松江
邱家湾,松江
斜桥路,松江
东挺街,松江
中山东路,松江
中山中路,松江
人民南路,松江
中山西路(松江),松江
秀南路,松江
茸城路,松江
方塔南路,松江
化工路,松江
松汇西路,松江
普照路,松江
松汇中路,松江
谷阳南路,松江
县府路,松江
松汇东路,松江
西贤支路,松江
联络公路,松江
南内路,松江
玉秀路,松江
货场路,松江
入秀路,松江
石泖路,松江
松吉路,松江
塔闵路,松江
香泾路,松江
华长路,松江
养石路,松江
同德路,松江
塔闵公路,松江
闵塔路,松江
双金路,松江
五村路,松江
亭联路,松江
塔汇路,松江
东三路,松江
贵德路,松江
新中路,松江
长福路,松江
长石路,松江
贵南路,松江
甘德路,松江
盐平路,松江
五f公路,松江
长东路,松江
东勤路,松江
许村公路,松江
姚王路,松江
南贺支路,松江
陆庄公路,松江
湾巷公路,松江
范家公路,松江
萧泖公路,松江
苏泾路,松江
竹亭路,松江
张米路,松江
新五支路,松江
胡f公路,松江
泖新公路,松江
叶张公路,松江
浦亭路,松江
路泾文路,松江
新彭路,松江
叶新公路,松江
黄桥公路,松江
泖塘公路,松江
张泽支线,松江
新中浜路,松江
新颖路,松江
新绿路,松江
共青路(松江),松江
张塘路,松江
泖胡公路,松江
大泥公路,松江
胡曹路,松江
胡光公路,松江
张桃路,松江
大庙路,松江
香长路,松江
白陈公路,松江
山房路,松江
马桥支路,松江
新园公路,金山
前进路,金山
万枫公路,金山
兴北公路,金山
临源街,金山
南圩路,金山
健康路,金山
环枫北路,金山
仙居路,金山
枫阳路,金山
清风路,金山
沈浦泾路,金山
万安街,金山
罗星路,金山
秀州路,金山
白牛路,金山
亭盛路,金山
新安街,金山
芙蓉路,金山
亭枫公路(320),金山
新牧路,金山
新兴公路,金山
西林街,金山
广福街,金山
新汇街,金山
东林街,金山
仓桥街,金山
南横街,金山
临仓街,金山
东粮库路,金山
东风路,金山
码头路,金山
东汇路,金山
西粮库路,金山
商园街,金山
沈浦泾南路,金山
林园路,金山
荡泾公路,金山
亭卫公路,金山
清泉路,金山
寺平北支路,金山
王圩公路,金山
兴工路,金山
新枫路,金山
寺平北路,金山
桃园路,金山
华亭西路,金山
中山街,金山
大通路,金山
寺平南路,金山
和平南路,金山
亭九公路,金山
亭西路,金山
环枫东路,金山
盛新公路,金山
下坊公路,金山
吕新公路,金山
成毛公路,金山
沈三路,金山
金张公路,金山
枫潮公路,金山
建富公路,金山
朱增公路,金山
九池公路,金山
松牌公路,金山
松后公路,金山
松驳公路,金山
爱五路,金山
后池公路,金山
南欢路,金山
兴新公路,金山
亭朱公路,金山
立新街,金山
新卫公路,金山
平漾路,金山
新慧路,金山
开乐街,金山
红叶路,金山
漕烟路,金山
市中路,金山
育才街,金山
珠港街,金山
高林路,金山
广玉路,金山
朱漕公路,金山
兴乐街,金山
朱林公路,金山
兴赛公路,金山
荣昌路,金山
蔷夹公路,金山
吕青公路,金山
长卫路,金山
东兴路,金山
吕朱公路,金山
红光路,金山
朱干公路,金山
前中路,金山
明星路,金山
汇丰大街,金山
小普陀路,金山
兰亭街,金山
新钱路,金山
干溪街,金山
新溪街,金山
石桥路,金山
红木桥路,金山
干新路,金山
泖湾公路,金山
京张支路,金山
南戚路,金山
高桥公路,金山
胥保路,金山
张堰东大街,金山
漕胡公路,金山
留溪路,金山
张堰大街,金山
南湖路,金山
鲁堰路,金山
张漕公路,金山
万钱路,金山
景邱公路,金山
景钱路,金山
中一路,金山
新民路,金山
运石路,金山
工农北街,金山
文明路,金山
共建路,金山
致富街,金山
工农南街,金山
古冈路,金山
华甸路,金山
中丰路,金山
平廊公路,金山
塔东路,金山
张九路,金山
廊华公路,金山
卫通路,金山
中兴公路,金山
中甸路,金山
南阳北路,金山
山阳公路,金山
龙泉西路,金山
南阳南路,金山
农贸路,金山
龙泉东路,金山
向阳东街,金山
向阳街,金山
新琪路,金山
山中路,金山
体育路,金山
山新街,金山
红旗东路,金山
山南街,金山
向阳村路,金山
红旗路,金山
中杨路,金山
红向路,金山
查梅路,金山
查梅西路,金山
卫零北路,金山
杭州湾大道,金山
卫零路,金山
卫清路,金山
蒙山路,金山
板桥路,金山
卫城路,金山
亭卫南路,金山
建昌路,金山
卫六路,金山
东园街,金山
戚家墩路,金山
东泉街,金山
秀林街,金山
东礁街,金山
临桂路,金山
龙临街,金山
卫新路,金山
隆盛路,金山
海光路,金山
环江路,金山
隆安东路,金山
隆安路,金山
凤山路,金山
卫五北路,金山
穿心路,金山
海棠街,金山
梅州街,金山
临潮街,金山
乐业路,金山
新凤山路,金山
松南支路,金山
富川路,金山
卫南路,金山
卫西路,金山
金零路,金山
卫一路,金山
卫二路,金山
金一东路,金山
柳城路,金山
大堤路,金山
北随塘河路,金山
新城路,金山
滨海路,金山
金一路,金山
卫三路,金山
象州路,金山
卫四路,金山
合浦路,金山
金二东路,金山
金二西路,金山
永久路,金山
卫七路,金山
卫七支路,金山
卫八路,金山
卫九路,金山
南随塘河东路,金山
卫五支路,金山
卫五路,金山
南随塘河中路,金山
南随塘河西路,金山
卫八西路,金山
卫九南路,金山
卫七南路,金山
西闸公路,奉贤
泰青路,奉贤
新朝路,奉贤
建蔡路,奉贤
北横路,奉贤
大叶支路,奉贤
鸿程路,奉贤
乐善路,奉贤
蒲四路,奉贤
金王路,奉贤
金齐公路,奉贤
民富路,奉贤
四平北路,奉贤
镇长路,奉贤
四新路,奉贤
南航公路,奉贤
南百公路,奉贤
沿钱路,奉贤
沿太路,奉贤
奉陆路,奉贤
航塘路,奉贤
奉联路,奉贤
四平公路,奉贤
唐民路,奉贤
四新街,奉贤
航吴路,奉贤
更秀路,奉贤
唐家路,奉贤
浦东河运路,奉贤
东四平路,奉贤
更牛路,奉贤
庄邬公路,奉贤
洪东路,奉贤
洪盘路,奉贤
洪福路,奉贤
洪庙路,奉贤
南奉公路,奉贤
运河北路,奉贤
莘奉公路,奉贤
洪丹路,奉贤
洪运路,奉贤
洪中路,奉贤
浦东路,奉贤
农商路,奉贤
小闸路,奉贤
洪南路,奉贤
洪朱公路,奉贤
存陈路,奉贤
工业一路,奉贤
东华路,奉贤
协新路,奉贤
工业二路,奉贤
存烟路,奉贤
新建东路,奉贤
奉粮路,奉贤
解放东路,奉贤
新建西路,奉贤
古华路,奉贤
船厂路(奉贤),奉贤
振贤路,奉贤
解放中路,奉贤
远东路,奉贤
秀南一路,奉贤
南中路,奉贤
秀南二路,奉贤
菜场路,奉贤
新奉路,奉贤
解放西路,奉贤
平洪路,奉贤
盐青路,奉贤
育秀路,奉贤
古华南路,奉贤
江海路,奉贤
环城南路,奉贤
奉柘公路,奉贤
新场公路,奉贤
城大路,奉贤
邵厂路,奉贤
青年路（奉贤）,奉贤
四平路（奉贤）,奉贤
富民路（奉贤）,奉贤
南门港路,奉贤
轿行路,奉贤
东海路（奉贤）,奉贤
奉干公路,奉贤
芦庄路,奉贤
新穗路,奉贤
奉拓公路,奉贤
柴场港路,奉贤
庄胡公路,奉贤
庄良公路,奉贤
光钱公路,奉贤
北横港路,奉贤
横港路,奉贤
卫门路,奉贤
彭公塘路,奉贤
团灯路,奉贤
燎钦公路,奉贤
三号路,奉贤
五四支路,奉贤
爱护路,奉贤
二号路,奉贤
五四公路,奉贤
新林路,奉贤
星火公路,奉贤
交界路,奉贤
新胡路,奉贤
一号支路,奉贤
星火支路,奉贤
郊奉路,奉贤
法胡路,奉贤
八号路,奉贤
七号路,奉贤
六号路,奉贤
四号路,奉贤
五号路,奉贤
海滨河路,奉贤
排水河路,奉贤
防汛路,奉贤
东海中心路,奉贤
垦区中心路,奉贤
海塘路,奉贤
奉炮支路,奉贤
夏兴路,奉贤
胡阮路,奉贤
团结塘路,奉贤
沿村路,奉贤
奉炮公路,奉贤
新拓中路,奉贤
康乐路（奉贤）,奉贤
胡滨公路,奉贤
人民塘路,奉贤
育苗场路,奉贤
金汇塘路,奉贤
洋桥港路,奉贤
朱石路,奉贤
康花路,南汇
康士路,南汇
康杉路,南汇
康安路,南汇
康意路,南汇
康桥路,南汇
康桥东路,南汇
康梧路,南汇
沪南公路,南汇
秀康路,南汇
拯安路,南汇
踵荣路,南汇
高新公路,南汇
康沈公路,南汇
康溪路,南汇
康巴路,南汇
康柳路,南汇
小云台街,南汇
笔化厂路,南汇
砖桥路,南汇
南六公路,南汇
竹行街,南汇
关岳路,南汇
周东路,南汇
周市路,南汇
花苑路,南汇
园林路,南汇
溪路,南汇
祝康路,南汇
鹿溪路,南汇
南北大街,南汇
椿樟路,南汇
北油车弄,南汇
众济街,南汇
南塘街,南汇
祝沣公路,南汇
东八灶路,南汇
向学街,南汇
镇东路,南汇
东溪路,南汇
年家浜路,南汇
创新街,南汇
汇丽路,南汇
船厂街,南汇
牧场路,南汇
六赵公路,南汇
金亭公路,南汇
镇北路,南汇
汤家木桥路,南汇
南八灶路,南汇
瓦屑街,南汇
金亭路,南汇
天竹路,南汇
祝新路,南汇
剧院路,南汇
祝家港路,南汇
百熙路,南汇
祝城路,南汇
凉亭路,南汇
广益路,南汇
三吉公路,南汇
光卫路,南汇
横新公路,南汇
繁荣路,南汇
祝东公路,南汇
盐朝公路,南汇
际和路,南汇
蓝云路,南汇
东翔路,南汇
顺航路,南汇
宛虹路,南汇
英姿路,南汇
图海路,南汇
军港公路,南汇
益海路,南汇
风采路,南汇
悦目路,南汇
朱连公路,南汇
其新连路,南汇
东海路（南汇）,南汇
浦红路,南汇
星红路,南汇
南仓桥路,南汇
盐仓老街,南汇
勤星路,南汇
新坦瓦公路,南汇
坦直支路,南汇
果园公路,南汇
雪连路,南汇
坦直路,南汇
东庄路,南汇
集市弄,南汇
文院街,南汇
沈大公路,南汇
富丰庄路,南汇
荷花路,南汇
下盐公路,南汇
红三港路,南汇
贸易巷,南汇
三灶北街,南汇
秀来弄,南汇
坦南路,南汇
永进路,南汇
三灶东街,南汇
惠老公路,南汇
三灶西街,南汇
休闲街,南汇
绿宝路,南汇
三灶南街,南汇
耕耘路,南汇
拱极路,南汇
北门路,南汇
鹤立西路,南汇
通济路,南汇
靖海路,南汇
西乐路,南汇
听潮路,南汇
人民东路,南汇
人民西路,南汇
工农北路,南汇
为民路,南汇
医院路,南汇
下沙新街,南汇
下沙老街,南汇
三八路,南汇
东门大街,南汇
城基路,南汇
工农南路,南汇
西门大街,南汇
跃进路,南汇
西门路,南汇
三角街,南汇
公安路,南汇
南门大街,南汇
中山路,南汇
惠东路,南汇
卫星东路,南汇
沿河泾南路,南汇
南港支路,南汇
卫星西路,南汇
育苗路,南汇
荡湾路,南汇
南港公路,南汇
建东路,南汇
鑫盛路,南汇
建苑路,南汇
南园路,南汇
建西路,南汇
鑫旺路,南汇
南门路,南汇
海燕路,南汇
南芦公路,南汇
陶桥路,南汇
汇城路,南汇
园西路,南汇
园中路,南汇
方窑路,南汇
许冯路,南汇
花苑三路,南汇
花苑二路,南汇
乐城路,南汇
富田路,南汇
幸新路,南汇
富航路,南汇
兴城路,南汇
汇民路,南汇
航兴北路,南汇
爱民路,南汇
振欣路,南汇
航兴路,南汇
兴业二路,南汇
饮食街,南汇
南宣公路,南汇
兴业一路,南汇
洪东街,南汇
新场大街,南汇
文卫路,南汇
新安公路,南汇
洪西街,南汇
幸福新街,南汇
朝阳西路,南汇
石笋路,南汇
环镇东路,南汇
中市路,南汇
笋心路,南汇
笋中路,南汇
笋西路,南汇
新艺路,南汇
宣城路,南汇
图翔路,南汇
生产河北路,南汇
万新路,南汇
宣桥大街,南汇
奉惠港路,南汇
大治河路,南汇
沿河路,南汇
南三公路,南汇
老果公路,南汇
南滨公路,南汇
墩平路,南汇
洪波路,南汇
墩安路,南汇
洪通路,南汇
墩荣路,南汇
洪进路,南汇
洪田路,南汇
洪达路,南汇
洪园路,南汇
墩中路,南汇
三宣公路,南汇
三三公路,南汇
新欣西路,南汇
新欣东路,南汇
新卫路,南汇
新鹏路,南汇
新发路,南汇
永春北路,南汇
团北路,南汇
永春中路,南汇
茂盛路,南汇
永春西路,南汇
大芦公路,南汇
万祥街,南汇
祥和路,南汇
永定北路,南汇
永宁东路,南汇
永春南路,南汇
永定南路,南汇
永晖路,南汇
万牧路,南汇
滨果公路,南汇
塘下公路,南汇
万牧公路,南汇
马五公路,南汇
新书路,南汇
弘中路,南汇
文心路,南汇
乐群路,南汇
书塘路,南汇
石皮泐路,南汇
芸香路,南汇
人民公路,南汇
新苑路,南汇
彭新公路,南汇
金民路,南汇
银河路,南汇
水晶路,南汇
艺华路,南汇
爱华路,南汇
香兴路,南汇
泥城路,南汇
银品路,南汇
新城西路,南汇
育建路,南汇
新城东路,南汇
兴黄路,南汇
香益路,南汇
桃梨路,南汇
老芦公路,南汇
龙吟路,南汇
绿荫路,南汇
征海公路,南汇
远征路,南汇
杭湾路,南汇
观潮路,南汇
胜利塘,南汇
伊梨南路,闵行
黄桦路,闵行
金汇路,闵行
红松路,闵行
虹中路,闵行
青杉路,闵行
兰竹路,闵行
环镇西路,闵行
莲花路,闵行
紫藤路,闵行
老虹井路,闵行
古美路,闵行
虹莘路,闵行
星中路,闵行
星东路,闵行
星宝路,闵行
东兰路,闵行
停车场路,闵行
星风路,闵行
星村路,闵行
万源路,闵行
星环路,闵行
平南路,闵行
东兰西路,闵行
兰凤路,闵行
葫芦湾路,闵行
九星路,闵行
星兰路,闵行
星友路,闵行
星高路,闵行
龙茗路,闵行
顾戴路,闵行
古龙路,闵行
平吉路,闵行
平阳路,闵行
古美西路,闵行
益梅路,闵行
莲花南路,闵行
报春路,闵行
莘朱东路,闵行
老朱行路,闵行
罗锦路,闵行
罗阳路,闵行
景福路,闵行
莘朱路,闵行
同乐路,闵行
景乐路,闵行
朱梅路,闵行
金汇南路,闵行
蔡家木桥路,闵行
陇里路,闵行
龙里路,闵行
梅陇西路,闵行
纪淞路,闵行
联友路,闵行
纪中路,闵行
纪翟公路,闵行
纪高路,闵行
纪育路,闵行
纪友路,闵行
南华路,闵行
吴漕路,闵行
中华美路,闵行
华美路,闵行
东华美路,闵行
东美路,闵行
朱建路,闵行
吴北路,闵行
闵北路,闵行
北利路,闵行
华翔路,闵行
吴翟路,闵行
侯宁路,闵行
保乐路,闵行
诺新路,闵行
金丰路,闵行
繁兴路,闵行
幸乐路,闵行
金辉路,闵行
运乐路,闵行
金光路,闵行
吴宝路,闵行
航建路,闵行
老青沪路,闵行
航北路,闵行
航南路,闵行
航新路,闵行
航西路,闵行
沪星路,闵行
七莘路,闵行
星站路,闵行
新镇路,闵行
新龙路,闵行
华宝路,闵行
青年路,闵行
南东塘滩,闵行
南西街,闵行
年青支路,闵行
富强街,闵行
竹行弄,闵行
宝南路,闵行
农南路,闵行
联明路,闵行
华茂路,闵行
中谊路,闵行
华友路,闵行
华中路,闵行
黎明路,闵行
黎安路,闵行
水清路,闵行
秀文路,闵行
山花路,闵行
疏影路,闵行
东闸路,闵行
锦梅路,闵行
梅富路,闵行
莘凌路,闵行
春申路,闵行
春漕路,闵行
雅智路,闵行
南辅路,闵行
庙泾路,闵行
莘北路,闵行
莘东路,闵行
高兴路,闵行
伟业路,闵行
宣威路,闵行
莘沥路,闵行
莘建东路,闵行
莘潭路,闵行
畹町路,闵行
宝城路,闵行
洱海路,闵行
苏近路,闵行
芦恒路,闵行
莘松路,闵行
友情路,闵行
都市路,闵行
莘建路,闵行
莘浜路,闵行
莘西路,闵行
莘城路,闵行
名都路,闵行
珠城路,闵行
莘中路,闵行
银都路,闵行
叶凌路,闵行
陈恒路,闵行
富都路,闵行
莘南路,闵行
建新路,闵行
天河路,闵行
凯城路,闵行
景联路,闵行
苏召路,闵行
沁春路,闵行
联曹路,闵行
金都路,闵行
塘浦路,闵行
双柏路,闵行
莘西南路,闵行
梁河路,闵行
申北路,闵行
春东路,闵行
曹建路,闵行
景中路,闵行
陈南路,闵行
陈东路,闵行
申兴路,闵行
春中路,闵行
春光路,闵行
申旺路,闵行
中春路,闵行
澄江路,闵行
申富路,闵行
丰顺路,闵行
申强路,闵行
春西路,闵行
李巷路,闵行
贵都路,闵行
联航路,闵行
申南路,闵行
沪光路,闵行
沈杜公路,闵行
光中路,闵行
竹园路,闵行
颛建路,闵行
颛卫路,闵行
中沟路,闵行
颛兴路,闵行
景东路,闵行
三达路,闵行
淡中路,闵行
t益路,闵行
康华路,闵行
昌达路,闵行
繁安路,闵行
颛盛路,闵行
昌林路,闵行
叶家桥路,闵行
元江路,闵行
联达路,闵行
北吴路,闵行
曲江路,闵行
联建路,闵行
剑漕路,闵行
瓶北路,闵行
放鹤公路,闵行
通海路,闵行
永德路,闵行
宝秀路,闵行
剑川路,闵行
先新路,闵行
中青路,闵行
联青路,闵行
金阳路,闵行
新春路,闵行
富岩路,闵行
鲁南路,闵行
昆阳路,闵行
灵春路,闵行
沧源路,闵行
东川路,闵行
景谷路,闵行
陪昆路,闵行
召泰路,闵行
华宁路,闵行
中央大道,闵行
南北大道,闵行
齐金公路,闵行
丰南路,闵行
北城路,闵行
文景路,闵行
安宁路,闵行
碧江路,闵行
青年大道,闵行
青山路,闵行
德宏路,闵行
北泾路,闵行
绿春路,闵行
江川东路,闵行
鹤庆路,闵行
石屏路,闵行
黄坪路,闵行
北斗路,闵行
天星路,闵行
永南路,闵行
中屏路,闵行
中和路,闵行
古永路,闵行
碧溪路,闵行
兰坪路,闵行
临沧路,闵行
宾川路,闵行
江城路,闵行
新闵路,闵行
平山路,闵行
瑞丽路,闵行
红园路,闵行
南雅路,闵行
兰村路,闵行
红河路,闵行
南谷路,闵行
华坪路,闵行
横泾西路,闵行
元阳路,闵行
大美路,闵行
丽江路,闵行
大姚路,闵行
星西路,闵行
星北路,闵行
广贤路,闵行
沪青平高速(A9),闵行
东湖路,徐汇
延庆路,徐汇
安福路,徐汇
襄阳南路,徐汇
武康路,徐汇
五原路,徐汇
汾阳路,徐汇
嘉善路,徐汇
复兴西路,徐汇
永康路,徐汇
永福路,徐汇
宝庆路,徐汇
太原路,徐汇
桃江路,徐汇
乌鲁木齐南路,徐汇
衡山路,徐汇
东平路,徐汇
高邮路,徐汇
兴国路,徐汇
岳阳路,徐汇
高安路,徐汇
康平路,徐汇
吴兴路,徐汇
大木桥路,徐汇
宛平路,徐汇
安亭路,徐汇
余庆路,徐汇
平江路,徐汇
小木桥路,徐汇
天平路,徐汇
广元路,徐汇
医学院路,徐汇
枫林路,徐汇
清真路,徐汇
茶陵北路,徐汇
广元西路,徐汇
茶陵路,徐汇
乐山路,徐汇
乐山支路,徐汇
零陵路,徐汇
零陵北路,徐汇
东安路,徐汇
宛平南路,徐汇
中山南二路,徐汇
恭城路,徐汇
徐虹北路,徐汇
宜山北路,徐汇
辛耕路,徐汇
天钥桥路,徐汇
漕溪北路,徐汇
兆丰东路,徐汇
兆丰路,徐汇
兆丰西路,徐汇
南丹路,徐汇
南丹东路,徐汇
吴中东路,徐汇
徐虹路,徐汇
柿子湾路,徐汇
徐虹中路,徐汇
古宜路,徐汇
汇站街,徐汇
蒲汇塘路,徐汇
文定路,徐汇
裕德路,徐汇
船厂路,徐汇
龙华路,徐汇
中漕路,徐汇
桂林路,徐汇
周沈巷,徐汇
双峰路,徐汇
漕溪路,徐汇
钦州北路,徐汇
虹漕路,徐汇
桂箐路,徐汇
贺阀路,徐汇
桂平路,徐汇
柳州路,徐汇
钦江路,徐汇
龙华西路,徐汇
后马路,徐汇
田林东路,徐汇
钦州路,徐汇
漕东路,徐汇
田东路,徐汇
桂果路,徐汇
漕东支路,徐汇
漕东三路,徐汇
丰谷路,徐汇
龙漕路,徐汇
苍梧路,徐汇
漕东四路,徐汇
丰溪路,徐汇
习勤路,徐汇
康健路,徐汇
冠生园路,徐汇
虹漕南路,徐汇
钦州南路,徐汇
柳州南路,徐汇
浦北路,徐汇
石龙路,徐汇
桂林东街,徐汇
龙水南路,徐汇
桂林西街,徐汇
桂江路,徐汇
桂江支路,徐汇
东泉路,徐汇
百花街,徐汇
罗城路,徐汇
龙川北路,徐汇
江安路,徐汇
桂林南路,徐汇
喜泰路,徐汇
喜泰支路,徐汇
桂平支路,徐汇
百色路,徐汇
上中路,徐汇
百色支路,徐汇
嘉陵路,徐汇
嘉川路,徐汇
天等路,徐汇
龙川路,徐汇
罗香路,徐汇
长桥路,徐汇
凌云路,徐汇
龙临路,徐汇
华发路,徐汇
长华路,徐汇
黄石路,徐汇
喜泰北路,徐汇
航校路,徐汇
天钥桥南路,徐汇
丹路,徐汇
三江路,徐汇
宾阳路,徐汇
龙水北路,徐汇
华容路,徐汇
三汇路,徐汇
华泾路,徐汇
建华路,徐汇
华济路,徐汇
秀山路,徐汇
海军路,徐汇
小闸镇街,徐汇
万航渡后路,长宁
长宁路,长宁
长宁支路,长宁
华阳路,长宁
秀水路,长宁
平塘路,长宁
剑河路,长宁
清池路,长宁
北港路,长宁
镇宁路,长宁
金钟路,长宁
安西路,长宁
协和路,长宁
天山西路,长宁
定西路,长宁
福泉路,长宁
东诸安浜路,长宁
宣化路,长宁
浦松北路,长宁
北虹路,长宁
哈密路,长宁
新渔路,长宁
天山路,长宁
古北路,长宁
北渔路,长宁
安化路,长宁
浦松南路,长宁
利西路,长宁
曹家堰路,长宁
武夷路,长宁
泉口路,长宁
天山支路,长宁
玉屏南路,长宁
昭化东路,长宁
昭化路,长宁
甘溪路,长宁
娄山关路,长宁
双流路,长宁
遵义路,长宁
茅台路,长宁
芙蓉江路,长宁
仙霞西路,长宁
平武路,长宁
仙霞路,长宁
种德桥路,长宁
法华镇路,长宁
威宁路,长宁
牛桥路,长宁
可乐路,长宁
安龙路,长宁
紫云路,长宁
水城路,长宁
杨宅路,长宁
青溪路,长宁
虹古路,长宁
遵义南路,长宁
香花桥路,长宁
兴义路,长宁
万山路,长宁
大山路,长宁
安顺路,长宁
伊犁路,长宁
古北南路,长宁
农工路,长宁
虹桥路农工里,长宁
中泾路,长宁
新潮路,长宁
水城南路,长宁
金浜路,长宁
长顺路,长宁
荣华东道,长宁
姚虹东路,长宁
宋园路,长宁
荣华西道,长宁
虹梅北路,长宁
古羊路,长宁
定威路,长宁
淞虹路,长宁
锦屏路,长宁
云雾山路,长宁
古北支路,长宁
淮阴路,长宁
林泉路,长宁
绥宁路,长宁
新渔北路,长宁
柳林路,卢湾
龙门路,卢湾
桃源路,卢湾
望亭路,卢湾
嵩山路,卢湾
成都南路,卢湾
淡水路,卢湾
茂名南路,卢湾
瑞金一路,卢湾
马当路,卢湾
崇德路,卢湾
兴安路,卢湾
太仓路,卢湾
老重庆中路,卢湾
进贤路,卢湾
浏河口路,卢湾
东台路,卢湾
济南路,卢湾
吉安路,卢湾
重庆南路,卢湾
顺昌路,卢湾
雁荡路,卢湾
湖滨路,卢湾
自忠路,卢湾
兴业路,卢湾
思南路,卢湾
瑞金二路,卢湾
皋兰路,卢湾
合肥路,卢湾
香山路,卢湾
建国东路,卢湾
永年路,卢湾
徐家汇路,卢湾
建国中路,卢湾
建德路,卢湾
斜徐支路,卢湾
绍兴路,卢湾
泰康路,卢湾
局门路,卢湾
蒙自路,卢湾
蒙自东路,卢湾
蒙自西路,卢湾
鲁班路,卢湾
斜徐路,卢湾
南塘浜路,卢湾
五里桥路,卢湾
打浦路,卢湾
汝南路,卢湾
龙华东路,卢湾
打浦路隧道,卢湾
开平路,卢湾
海防路,静安
名容路,静安
淮安路,静安
昌平路,静安
大田路,静安
顺德路,静安
石门二路,静安
康定东路,静安
余姚路,静安
康定路,静安
武定路,静安
泰兴路,静安
慈溪路,静安
延平路,静安
奉贤路,静安
武宁南路,静安
石门一路,静安
吴江路,静安
南汇路,静安
茂名北路,静安
南阳路,静安
青海路,静安
铜仁路,静安
万春街,静安
武定西路,静安
愚园东路,静安
老成都北路,静安
乌鲁木齐北路,静安
安义路,静安
愚圆支路,静安
永源路,静安
人和街,静安
虎丘路,黄浦
圆明园路,黄浦
香港路,黄浦
四川中路,黄浦
江西中路,黄浦
外白渡桥,黄浦
河南中路,黄浦
北京东路,黄浦
中山东一路,黄浦
山东北路,黄浦
福建中路,黄浦
山西南路,黄浦
厦门路,黄浦
浙江中路,黄浦
宁波路,黄浦
新菜场路,黄浦
滇池路,黄浦
石潭弄,黄浦
黄陂北路,黄浦
西藏中路,黄浦
天津路,黄浦
南京东路,黄浦
贵州路,黄浦
沙市二路,黄浦
沙市一路,黄浦
芝罘路,黄浦
广西北路,黄浦
牛庄路,黄浦
顾家弄,黄浦
台湾路,黄浦
黄河路,黄浦
五福弄,黄浦
九江路,黄浦
青岛路,黄浦
云南北路,黄浦
长沙路,黄浦
六合路,黄浦
龙泉圆路,黄浦
汉口路,黄浦
山东中路,黄浦
温州路,黄浦
牯岭路,黄浦
福州路,黄浦
湖北路,黄浦
金华路,黄浦
云南中路,黄浦
广东路,黄浦
延安东路,黄浦
金隆路,黄浦
中山东二路,黄浦
金陵东路,黄浦
汕头路,黄浦
北海路,黄浦
平望街,黄浦
四川南路,黄浦
溪口路,黄浦
海口路,黄浦
江西南路,黄浦
宁海东路,黄浦
延安东路隧道,黄浦
山东南路,黄浦
紫金路,黄浦
新永安路,黄浦
永安路,黄浦
盛泽路,黄浦
河南南路,黄浦
东金线,黄浦
福建南路,黄浦
松下路,黄浦
江阴路,黄浦
永胜路,黄浦
新开河北路,黄浦
新开河南路,黄浦
浙江南路,黄浦
金门路,黄浦
永寿路,黄浦
武胜路,黄浦
人民大道,黄浦
广西南路,黄浦
黄埭路,黄浦
安仁街,黄浦
龙潭路,黄浦
旧仓街,黄浦
云南南路,黄浦
福佑路,黄浦
重庆北路,黄浦
长生街,黄浦
晏海弄,黄浦
露香园路,黄浦
白衣街,黄浦
旧校场路,黄浦
沉香阁路,黄浦
云居街,黄浦
梧桐路,黄浦
宝带弄,黄浦
淮海东路,黄浦
高桥路,黄浦
阳朔路,黄浦
明星街,黄浦
高墩街,黄浦
丹凤路,黄浦
枫泾路,黄浦
硝皮弄,黄浦
南翔路,黄浦
平湖路,黄浦
侯家路,黄浦
东青莲街,黄浦
方浜东路,黄浦
小裕兴街,黄浦
柳泉弄,黄浦
青莲街,黄浦
马园路,黄浦
方浜中路,黄浦
光启路,黄浦
大境路,黄浦
紫华路,黄浦
县后街,黄浦
文昌路,黄浦
馆驿街,黄浦
四牌楼路,黄浦
花草弄,黄浦
馆驿东弄,黄浦
中华路,黄浦
康家弄,黄浦
傅家街,黄浦
会馆弄,黄浦
中山南路,黄浦
陆家宅路,黄浦
县左街,黄浦
陆家宅支路,黄浦
大境弄,黄浦
昼锦路,黄浦
陈士安桥,黄浦
薛弄底街,黄浦
薛弄低街,黄浦
老太平弄,黄浦
万竹街,黄浦
怀真街,黄浦
里咸瓜街,黄浦
连云路,黄浦
聚奎街,黄浦
养真弄,黄浦
外咸瓜街,黄浦
阜春街,黄浦
盛家街,黄浦
大方弄,黄浦
张家弄,黄浦
果育堂街,黄浦
学院路,黄浦
盐码头街,黄浦
三牌楼路,黄浦
新太平弄,黄浦
同庆街,黄浦
杨渡横街,黄浦
东姚家弄,黄浦
西姚家弄,黄浦
泰码头街,黄浦
会稽路,黄浦
杨渡街,黄浦
复兴东路,黄浦
松雪街,黄浦
孙家弄,黄浦
新街,黄浦
光启南路,黄浦
贻庆街,黄浦
外马路,黄浦
虹桥弄,黄浦
豆市街,黄浦
灵济街,黄浦
白渡路,黄浦
金家坊,黄浦
西马街,黄浦
新新街,黄浦
大夫坊,黄浦
火腿弄,黄浦
花园弄,黄浦
方浜西路,黄浦
巡道街,黄浦
老新街,黄浦
如意街,黄浦
梭子弄,黄浦
艾家弄,黄浦
望云路,黄浦
东唐家弄,黄浦
赵家宅路,黄浦
翁家弄,黄浦
外萃丰弄,黄浦
西仓桥街,黄浦
和顺街,黄浦
抚安街,黄浦
南张家弄,黄浦
倒川弄,黄浦
面筋弄,黄浦
梅家街,黄浦
西唐家弄,黄浦
洞庭山街,黄浦
外郎家桥街,黄浦
引线弄,黄浦
天灯弄,黄浦
东梅家街,黄浦
毛家路,黄浦
南坝基桥街,黄浦
悦来街,黄浦
蔑竹路,黄浦
蓬莱路,黄浦
鸳鸯厅弄,黄浦
南坝基后街,黄浦
净土街,黄浦
静修路,黄浦
曹家街,黄浦
方斜路,黄浦
金坛路,黄浦
曹家弄,黄浦
仪凤弄,黄浦
亭桥街,黄浦
庄家街,黄浦
凝和路,黄浦
沙场街,黄浦
文庙路,黄浦
紫霞路新码头街,黄浦
梅溪弄,黄浦
北梅溪弄,黄浦
新码头街,黄浦
乔家栅,黄浦
紫霞路,黄浦
梦花街,黄浦
马添兴街,黄浦
高巷,黄浦
万胜桥路,黄浦
生义码头街,黄浦
药局弄,黄浦
王家嘴角街,黄浦
筷竹弄,黄浦
花衣街,黄浦
学宫街,黄浦
老道前街,黄浦
乔家路,黄浦
南梅溪弄,黄浦
先棉祠北弄,黄浦
北施家弄,黄浦
半泾园弄,黄浦
金家旗杆弄,黄浦
先棉祠南弄,黄浦
竹行码头街,黄浦
先棉祠南街,黄浦
莱吾园街,黄浦
盐城路,黄浦
荷花池弄,黄浦
也是园弄,黄浦
吾园街,黄浦
先棉祠弄,黄浦
迎勋北路,黄浦
西俞家弄,黄浦
高巷头街,黄浦
王家码头路,黄浦
俞家弄,黄浦
猪作弄,黄浦
方斜支路,黄浦
宁安路,黄浦
万裕街,黄浦
迎勋支路,黄浦
永泰街,黄浦
小石桥街,黄浦
蔡阳弄,黄浦
外仓桥街,黄浦
定福弄,黄浦
安澜路,黄浦
尚文路,黄浦
一粟街,黄浦
万豫码头街,黄浦
白漾弄,黄浦
西林后路,黄浦
黄家阙路,黄浦
永宁街,黄浦
赵家湾街,黄浦
白漾二弄,黄浦
白漾一弄,黄浦
大吉路,黄浦
董家渡路,黄浦
牌楼弄,黄浦
赵家湾弄,黄浦
老硝皮弄,黄浦
糖坊北街,黄浦
糖坊弄,黄浦
公义码头街,黄浦
跨龙路,黄浦
府谷街,黄浦
北钩玉弄,黄浦
西钩玉弄,黄浦
南仓街,黄浦
南区街,黄浦
南硝皮弄,黄浦
东钩玉弄,黄浦
江阴街,黄浦
梅家弄,黄浦
小普陀街,黄浦
西华弄,黄浦
少年路,黄浦
迎勋路,黄浦
东江阴街,黄浦
庐席街,黄浦
唐家湾路,黄浦
赖义码头街,黄浦
天生港西街,黄浦
大林路,黄浦
陆家浜后街,黄浦
会馆后街,黄浦
南施家弄,黄浦
牌楼路,黄浦
薛家浜路,黄浦
大兴街,黄浦
裘家弄,黄浦
青龙桥街,黄浦
会馆街,黄浦
大水桥,黄浦
沙家街,黄浦
陆家浜路,黄浦
鸡毛弄,黄浦
桑园街,黄浦
漕沧街,黄浦
多稼路,黄浦
会馆码头街,黄浦
普育西路,黄浦
青龙桥后街,黄浦
普育西支路,黄浦
林荫路,黄浦
徽宁路,黄浦
柳市路,黄浦
南车站路,黄浦
普育东路,黄浦
海南西弄,黄浦
天柱山路,黄浦
草鞋湾路,黄浦
海潮路,黄浦
大德路,黄浦
顾家町路,黄浦
南京街,黄浦
南京街支路,黄浦
油车码头街,黄浦
丰记码头街,黄浦
国货路,黄浦
车站后路,黄浦
车站中路,黄浦
斜土东路,黄浦
厅西路,黄浦
车站支路,黄浦
保屯路,黄浦
半淞园路,黄浦
西凌家宅路,黄浦
花园港路,黄浦
望达路,黄浦
南江路,黄浦
肇方弄,黄浦
昭通路,黄浦
泗泾路,黄浦
豫园老路,黄浦
豫园新路,黄浦
四白漾二弄,黄浦
高家弄,黄浦
学西街,黄浦
柳江街,黄浦
曹市弄,黄浦
苗江路,黄浦
沪军营路,黄浦
清流北街,黄浦
白河路,黄浦
定兴路,黄浦
西刘家弄,黄浦
江东路,浦东
杨高北一路,浦东
海徐公路,浦东
海高公路,浦东
杨高北路,浦东
基隆路,浦东
新兰路,浦东
港九路,浦东
浦东北路,浦东
草高支路,浦东
富特北路,浦东
马吉路,浦东
富特西一路,浦东
菲拉路,浦东
奥纳路,浦东
富特东一路,浦东
江心沙路,浦东
界浜路,浦东
清溪路,浦东
日京路,浦东
大同路,浦东
通园路,浦东
春晖路,浦东
季景北路,浦东
华申路,浦东
和龙路,浦东
季景路,浦东
美盛路,浦东
吴龙路,浦东
夏碧路,浦东
泰谷路,浦东
秋霞路,浦东
冬融路,浦东
航津路,浦东
加大路,浦东
光明路,浦东
行南公路,浦东
南新路,浦东
津行路,浦东
华京路,浦东
富特东二路,浦东
爱都路,浦东
日樱北路,浦东
富特中路,浦东
美桂北路,浦东
台北东路,浦东
赵高公路,浦东
希雅路,浦东
台中北路,浦东
新灵路,浦东
台北西路,浦东
富特西二路,浦东
东塘路,浦东
港澳路,浦东
台南西路,浦东
富特南路,浦东
台中南路,浦东
台中东路,浦东
美桂南路,浦东
法赛路,浦东
日樱南路,浦东
芬菊路,浦东
新伦路,浦东
富特东三路,浦东
英伦路,浦东
加枫路,浦东
富特西三路,浦东
东靖路,浦东
东沟北路,浦东
东高路,浦东
金高路,浦东
东沟路,浦东
顾高公路,浦东
兴运路,浦东
东波路,浦东
浦东大道,浦东
巨峰路,浦东
五莲路,浦东
利津路,浦东
成园路,浦东
永宁路,浦东
乐园路,浦东
归昌路,浦东
凌河路,浦东
沪新路,浦东
陇桥路,浦东
莱阳路,浦东
寿光路,浦东
潮洞坝,浦东
荷泽路,浦东
博兴路,浦东
沪东路,浦东
东陆路,浦东
榕桥路,浦东
申江路,浦东
蓝城路,浦东
嘴角路,浦东
上定线,浦东
金京路,浦东
佳林路,浦东
金桥路,浦东
道堂路,浦东
金吉路,浦东
金海路,浦东
柳埠路,浦东
新金桥路,浦东
长岛路,浦东
台儿庄路,浦东
栖山路,浦东
团林路,浦东
浦兴路,浦东
平度路,浦东
友林路,浦东
金东路,浦东
金业路,浦东
居家桥路,浦东
金苏路,浦东
冀桥路,浦东
金皖路,浦东
金港路,浦东
金工路,浦东
金湘路,浦东
金穗路,浦东
博山东路,浦东
枣庄路,浦东
唐陆路,浦东
金闽路,浦东
金豫路,浦东
龙居路,浦东
德平路,浦东
杨高中路,浦东
宁桥路,浦东
张杨路,浦东
浙桥路,浦东
金新路,浦东
金沪路,浦东
万德路,浦东
金台路,浦东
歇浦路,浦东
云桥路,浦东
金藏路,浦东
云山路,浦东
北洋泾路,浦东
马桥浜路,浦东
川桥路,浦东
三荣西路,浦东
金口路,浦东
民丹线,浦东
崮山路,浦东
桂桥路,浦东
夹浦路,浦东
凌家木桥,浦东
民生路,浦东
铜山街路,浦东
金粤路,浦东
其秦线,浦东
银山路,浦东
博山路,浦东
泰公线,浦东
宝仁路,浦东
滨江大道,浦东
新兴路,浦东
桃林路,浦东
羽山路,浦东
巨野路,浦东
钱仓路,浦东
灵山路,浦东
东方路,浦东
银城北路,浦东
金滇路,浦东
南洋泾路,浦东
碧云路,浦东
新华南路,浦东
昌邑路,浦东
定水路,浦东
泾南路,浦东
洋泾镇路,浦东
东园路,浦东
黄杨路,浦东
唐家弄路,浦东
红枫路,浦东
荣成路,浦东
即墨路,浦东
银城中路,浦东
烟台路,浦东
丰和路,浦东
浦东南路,浦东
沈家弄路,浦东
福山路,浦东
东城路,浦东
乳山路,浦东
源深路,浦东
银城东路,浦东
栖霞路,浦东
崂山东路,浦东
崂山西路,浦东
明月路,浦东
陆家嘴东路,浦东
招远路,浦东
世纪大道,浦东
陆家嘴西路,浦东
松林路,浦东
小石桥路,浦东
蓝桉路,浦东
花园石桥路,浦东
东泰路,浦东
银城西路,浦东
富城路,浦东
青平路,浦东
白桦路,浦东
海兴路,浦东
东昌路,浦东
银城南路,浦东
冰厂田路,浦东
浦城路,浦东
启新路,浦东
潍坊路,浦东
浦明路,浦东
龙东大道,浦东
向城路,浦东
老杨高路,浦东
浦电路,浦东
锦带路,浦东
丁香路,浦东
竹林路,浦东
迎春路,浦东
潍坊西路,浦东
大庆街,浦东
南泉路,浦东
广兰路,浦东
江欣路,浦东
锦绣路,浦东
老白渡南路,浦东
金科路,浦东
杨镇路,浦东
北张家浜路,浦东
李时珍路,浦东
花木路,浦东
花四路,浦东
峨山路,浦东
香楠路,浦东
芳甸路,浦东
丹桂路,浦东
张江路,浦东
蓝村路,浦东
郭守敬路,浦东
居里路,浦东
塘桥路,浦东
翠柳路,浦东
塘桥新路,浦东
牛顿路,浦东
浦建路,浦东
科苑路,浦东
景明路,浦东
茂兴路,浦东
海桐路,浦东
微山路,浦东
碧波路,浦东
松涛路,浦东
环龙路,浦东
春晓路,浦东
祖冲之路,浦东
北园路,浦东
龙阳路,浦东
龙东路,浦东
塘南路,浦东
南码头路,浦东
东环龙路,浦东
高斯路,浦东
胶南路,浦东
东三街路,浦东
东三里桥路,浦东
西三里桥路,浦东
沂南路,浦东
南码头支路,浦东
晨晖路,浦东
临沂路,浦东
芳华路,浦东
申波路,浦东
白杨路,浦东
培花路,浦东
连波路,浦东
兰陵路,浦东
严杨路,浦东
严中路,浦东
芳草路,浦东
川北公路,浦东
严丰路,浦东
华丰路,浦东
严镇路,浦东
严民路,浦东
严桥路,浦东
白莲泾路,浦东
连云港路,浦东
东村路,浦东
上南路,浦东
临沂环岛西路,浦东
西村路,浦东
安建路,浦东
安建北路,浦东
北艾路,浦东
博文路,浦东
华夏中路,浦东
莲南路,浦东
雪野路,浦东
滨州路,浦东
莲溪路,浦东
莲园路,浦东
莲中路,浦东
上钢路,浦东
高木桥路,浦东
横沔江路,浦东
孙桥路,浦东
北中路,浦东
云台路,浦东
新陈路,浦东
下南路,浦东
齐河路,浦东
镇中心路,浦东
莲安东路,浦东
东明路,浦东
云莲路,浦东
耀华支路,浦东
洪山路,浦东
昌里东路,浦东
耀华路,浦东
五星路,浦东
安建南路,浦东
邹平路,浦东
昌里路,浦东
历城路,浦东
成山路,浦东
长清路,浦东
新浦路,浦东
西营路,浦东
德州路,浦东
灵岩路,浦东
济阳路,浦东
杨新路,浦东
后长街,浦东
玉泉街,浦东
灵岩南路,浦东
御桥路,浦东
恒大路,浦东
海阳路,浦东
御青路,浦东
三林路,浦东
环林东路,浦东
永泰路,浦东
上浦路,浦东
凌兆路,浦东
沿浦路,浦东
三航公路,浦东
振兴中路,浦东
振兴东路,浦东
沿江公路,浦东
花山路,浦东
港城路,浦东
哈雷路,浦东
青桐路,浦东
殷家浜路,浦东
三灶浜路,浦东
益丰路,浦东
哥白尼路,浦东
高科路,浦东
爱迪生路,浦东
伽利略路,浦东
蔡伦路,浦东
金同路,浦东
古桐路,浦东
沔北路,浦东
王家街,浦东
小浜路,浦东
环林西路,浦东
半环路,浦东
规划二路,浦东
双环路,浦东
南林一路,浦东
南林路,浦东
南林支路,浦东
胶东路,浦东
牟平路,浦东
金松路,浦东
东建路,浦东
锦和路,浦东
锦安西路,浦东
锦安东路,浦东
泵站路,浦东
华夏西路,浦东
绿科路,浦东
绿株路,浦东
秦桥路,浦东
佳京路,浦东
陈春路,浦东
博华路,浦东
长柳路,浦东
含笑路,浦东
牡丹路,浦东
紫槐路,浦东
德堡路,浦东
巴圣路,浦东
新园路,浦东
临沂北路,浦东
随塘公路,浦东
凌桥支路,浦东
泾四路,浦东
欧高公路,浦东
日滨路,浦东
威斯路,浦东
瑞德路,浦东
港华路,浦东
冰克路,浦东
港电路,浦东
西里路,浦东
芬辛路,浦东
丹格路,浦东
庙车公路,浦东
东川公路,浦东
顾曹公路,浦东
民冬路,浦东
民风路,浦东
民秋路,浦东
上川路,浦东
民夏路,浦东
川沙路,浦东
秦家港路,浦东
龚路公路,浦东
龚华路,浦东
王家车路,浦东
龚丰路,浦东
红星路,浦东
奚阳公路,浦东
前哨路,浦东
庆达路,浦东
东胜路,浦东
小白路,浦东
凌白公路,浦东
春暮路,浦东
妙镜北路,浦东
川杨河路,浦东
王桥路,浦东
华夏东路,浦东
森塘路,浦东
川环北路,浦东
妙镜路,浦东
东站路,浦东
川六公路,浦东
东城壕路,浦东
北城壕路,浦东
新德路,浦东
拱辰路,浦东
西泥路,浦东
华东一路,浦东
华东二路,浦东
操场路,浦东
东河浜路,浦东
华东路,浦东
中市街,浦东
乔家弄,浦东
护塘街,浦东
乔港元路,浦东
乔家浜路,浦东
西门外街,浦东
新川路,浦东
南城壕路,浦东
南城河浜路,浦东
灵通路,浦东
临园弄,浦东
城丰路,浦东
三灶路,浦东
川环南路,浦东
亭塘路,浦东
栏学路,浦东
江镇路,浦东
晨阳路,浦东
河滨北路,浦东
护航路,浦东
航行路,浦东
仓储路,浦东
海天一路,浦东
航飞路,浦东
安航路,浦东
航油路,浦东
机场大道,浦东
启航路,浦东
海天二路,浦东
河滨西路,浦东
航全路,浦东
海天三路,浦东
领航路,浦东
基地一路,浦东
地基一路,浦东
海天四路,浦东
基地二路,浦东
地基二路,浦东
航安路,浦东
海天五路,浦东
速航路,浦东
航城路,浦东
海天六路,浦东
施湾路,浦东
施新路,浦东
运航路,浦东
普新路,浦东
龄七路,浦东
吴店路,浦东
黄赵路,浦东
凌空路,浦东
闻居路,浦东
纯新路,浦东
荷丹路,浦东
慈善街,浦东
石家街,浦东
老白渡路,浦东
合欢路,浦东
杨新东路,浦东
黑松路,浦东
蓝天路,浦东
鲁桥路,浦东
洲海路,浦东
中高公路,浦东
海春路,浦东
学后街,浦东
油坊路,浦东
永业路,浦东
高行街西弄,浦东
义王路,浦东
迎宾大道(A1),浦东
环东二大道(A20),浦东
环东一大道(A20),浦东
张衡路,浦东
常和路,普陀
玉门路,普陀
敦煌路,普陀
景泰路,普陀
武威路,普陀
桃浦西路,普陀
武威东路,普陀
永登路,普陀
万灯路,普陀
雨水管廊路,普陀
富水路,普陀
永国路,普陀
平利路,普陀
金昌路,普陀
志丹路,普陀
万泉路,普陀
富平路,普陀
合阳路,普陀
西乡路,普陀
宜川路,普陀
延长西路,普陀
白水路,普陀
清涧路,普陀
黄陵路,普陀
水泉路,普陀
宜君路,普陀
安寨路,普陀
甘泉路,普陀
子长路,普陀
双山路,普陀
洛川路,普陀
骊山路,普陀
桃浦路,普陀
桃浦东路,普陀
高陵路,普陀
曹杨路,普陀
华阴路,普陀
真光路,普陀
岚皋路,普陀
三源路,普陀
泾惠路,普陀
芝川路,普陀
光新路,普陀
府村路,普陀
华池路,普陀
礼泉路,普陀
交通西路,普陀
真北支路,普陀
管弄路,普陀
汉阴路,普陀
石泉路,普陀
宁强路,普陀
旬阳路,普陀
大渡河路,普陀
南石四路,普陀
宜昌路,普陀
光复西路,普陀
北石路,普陀
寺前街,普陀
兰溪路,普陀
镇坪路,普陀
澳门路,普陀
中宁路,普陀
武宁路,普陀
莫干山路,普陀
普陀路,普陀
南石一路,普陀
南石二路,普陀
岚皋西路,普陀
丹巴路,普陀
梅岭北路,普陀
新会路,普陀
杨柳青路,普陀
东新路,普陀
东新支路,普陀
枫桥路,普陀
棠浦路,普陀
花溪路,普陀
中江路,普陀
桂巷路,普陀
杏山路,普陀
枣阳路,普陀
普雄路,普陀
叶家宅路,普陀
清峪路,普陀
白兰路,普陀
谈家渡路,普陀
泾阳路,普陀
梅岭南路,普陀
白玉路,普陀
翟家廊路,普陀
怒江北路,普陀
李村路,普陀
怒江路,普陀
桐柏路,普陀
宁夏路,普陀
梅岭支路,普陀
顺义路,普陀
伯士路,普陀
同普路,普陀
隆德路,普陀
泸定路,普陀
云岭东路,普陀
冕宁路,普陀
老真北路,普陀
云岭西路,普陀
千阳路,普陀
绥德路,普陀
子洲路,普陀
真如穿心街,普陀
中潭路,普陀
南王家宅路,普陀
远景路,普陀
地梨港路,普陀
水杉路,普陀
银杏路,普陀
白丽路,普陀
雪松路,普陀
绿杨路,普陀
红棉路,普陀
众仁路,普陀
香樟路,普陀
交暨路,普陀
农林路,普陀
金水路,普陀
